customer_id,tenure_months,monthly_fee,total_charges,support_calls,payment_delay,digital_usage,contract_type,payment_method,has_internet,churn
C000000,7,44.39,319.21,1,2.72,68.83,one_year,cash,yes,0
C000001,55,92.7,5085.9,3,12.05,91.19,one_year,digital_wallet,yes,0
C000002,47,39.93,1665.33,2,4.51,47.93,month-to-month,card,no,0
C000003,32,62.84,1972.36,2,3.97,41.73,one_year,card,yes,0
C000004,31,55.35,1609.58,1,8.12,41.29,month-to-month,card,yes,0
C000005,61,74.11,5052.29,3,0.82,56.71,month-to-month,digital_wallet,yes,0
C000006,7,53.99,400.73,0,1.33,44.48,month-to-month,bank_transfer,yes,0
C000007,50,63.23,2841.44,1,2.77,20.39,month-to-month,digital_wallet,yes,0
C000008,15,64.1,1019.69,0,3.63,25.86,month-to-month,card,yes,0
C000009,7,51.64,366.73,2,6.01,75.4,one_year,cash,yes,0
C000010,38,82.13,2729.18,0,5.68,80.64,one_year,card,no,0
C000011,70,75.96,4630.55,1,3.47,87.0,month-to-month,card,yes,0
C000012,53,67.78,3212.6,0,2.78,59.53,month-to-month,cash,yes,0
C000013,55,59.24,3561.61,1,1.19,35.18,month-to-month,digital_wallet,yes,0
C000014,51,89.91,5039.5,2,3.53,46.24,two_year,bank_transfer,yes,0
C000015,56,64.1,3706.34,1,1.93,25.17,month-to-month,digital_wallet,yes,0
C000016,37,62.33,1971.17,2,1.0,24.4,month-to-month,card,yes,0
C000017,10,72.62,686.33,1,0.22,60.11,month-to-month,card,yes,0
C000018,60,112.41,6544.37,1,4.4,65.78,one_year,card,yes,0
C000019,32,36.49,1092.18,0,9.7,94.17,month-to-month,card,no,0
C000020,36,89.25,3291.07,4,8.31,53.34,month-to-month,digital_wallet,no,1
C000021,27,22.67,531.72,5,7.17,27.84,month-to-month,bank_transfer,yes,1
C000022,13,75.43,839.4,1,4.12,52.56,one_year,bank_transfer,yes,0
C000023,66,109.38,7409.18,1,10.28,49.35,month-to-month,digital_wallet,yes,0
C000024,56,82.22,4278.9,0,0.68,45.18,two_year,card,no,0
C000025,46,74.27,3607.39,3,0.46,61.87,two_year,card,no,0
C000026,29,55.99,1758.89,4,0.43,30.71,month-to-month,card,yes,1
C000027,59,70.78,4314.92,3,2.91,57.61,two_year,digital_wallet,yes,0
C000028,39,63.7,2849.19,2,0.67,68.03,one_year,bank_transfer,yes,0
C000029,32,50.35,1680.3,3,3.63,83.39,month-to-month,cash,no,0
C000030,32,62.75,2172.41,1,3.11,61.21,one_year,digital_wallet,no,0
C000031,17,74.96,1328.22,3,5.03,75.86,month-to-month,digital_wallet,yes,0
C000032,7,50.82,388.33,3,4.24,46.12,month-to-month,digital_wallet,yes,1
C000033,40,49.84,1928.29,2,5.1,48.91,month-to-month,bank_transfer,yes,0
C000034,64,35.99,2258.25,1,1.39,81.96,one_year,cash,yes,0
C000035,5,79.77,379.12,0,2.09,27.57,two_year,bank_transfer,yes,0
C000036,61,83.63,5218.67,2,7.45,46.94,month-to-month,card,yes,0
C000037,59,75.79,4303.53,3,4.48,77.57,one_year,card,yes,0
C000038,20,94.13,2158.12,1,3.08,50.78,one_year,digital_wallet,yes,0
C000039,45,72.2,3349.24,1,13.17,49.29,two_year,card,yes,0
C000040,12,79.8,910.4,1,0.87,49.69,month-to-month,digital_wallet,yes,0
C000041,54,77.6,4200.45,0,13.31,57.34,month-to-month,cash,yes,0
C000042,50,67.71,3670.59,1,0.03,76.72,month-to-month,card,yes,0
C000043,26,56.73,1610.42,3,1.72,73.48,month-to-month,card,yes,1
C000044,5,125.35,652.55,1,0.42,55.23,month-to-month,card,yes,0
C000045,69,58.7,3445.66,2,9.35,76.85,month-to-month,bank_transfer,yes,0
C000046,32,53.35,1896.1,1,0.87,61.84,month-to-month,digital_wallet,yes,1
C000047,64,80.85,5810.56,1,0.25,72.18,two_year,card,yes,0
C000048,49,76.3,4155.35,1,13.64,34.43,month-to-month,bank_transfer,no,0
C000049,56,34.88,2053.56,2,8.88,89.77,month-to-month,bank_transfer,yes,0
C000050,54,98.07,4544.33,4,6.41,59.4,one_year,card,yes,0
C000051,14,67.65,1075.1,1,4.76,0.03,month-to-month,card,no,0
C000052,26,42.23,955.54,3,5.68,88.19,one_year,card,no,0
C000053,34,99.72,3033.94,1,6.31,55.1,one_year,digital_wallet,yes,0
C000054,36,85.64,3201.41,0,2.72,47.09,month-to-month,card,no,0
C000055,4,38.39,151.79,1,17.21,42.89,month-to-month,card,yes,0
C000056,39,114.43,4803.83,0,6.02,63.79,month-to-month,bank_transfer,no,0
C000057,11,86.47,989.16,5,2.37,37.23,month-to-month,digital_wallet,yes,1
C000058,53,69.75,3146.66,3,5.95,43.46,one_year,digital_wallet,yes,0
C000059,49,109.76,5608.44,1,17.0,43.94,month-to-month,bank_transfer,no,0
C000060,66,73.98,5407.58,1,1.34,49.16,month-to-month,bank_transfer,no,0
C000061,53,69.3,4060.8,1,0.25,44.7,month-to-month,digital_wallet,yes,0
C000062,27,53.49,1295.86,0,4.77,72.06,month-to-month,digital_wallet,yes,0
C000063,69,84.55,5566.56,3,1.23,60.42,month-to-month,bank_transfer,yes,0
C000064,30,81.92,2176.96,1,7.47,62.86,month-to-month,digital_wallet,yes,0
C000065,24,70.37,1816.22,0,7.89,67.21,month-to-month,card,yes,0
C000066,65,50.25,3391.27,1,7.2,53.14,one_year,bank_transfer,yes,0
C000067,27,73.25,1968.47,1,1.41,34.59,two_year,digital_wallet,no,0
C000068,6,68.26,384.93,0,9.92,91.1,one_year,card,yes,0
C000069,34,36.66,1353.91,2,10.82,73.55,month-to-month,card,yes,0
C000070,57,33.2,2058.14,1,13.73,87.26,month-to-month,digital_wallet,yes,0
C000071,14,84.13,1174.69,2,6.76,75.69,one_year,cash,yes,0
C000072,33,15.0,439.23,0,7.77,45.79,one_year,card,yes,0
C000073,10,75.14,743.54,4,0.21,8.04,two_year,digital_wallet,yes,0
C000074,49,58.05,3182.31,5,16.39,30.42,month-to-month,card,yes,1
C000075,34,102.71,3580.1,3,2.74,67.73,month-to-month,digital_wallet,no,0
C000076,24,57.66,1489.37,2,6.05,52.97,month-to-month,digital_wallet,yes,0
C000077,17,86.49,1379.71,1,3.26,46.6,two_year,digital_wallet,yes,0
C000078,41,60.08,2347.27,1,2.19,5.09,one_year,cash,yes,0
C000079,48,72.84,3094.88,4,15.79,54.74,two_year,cash,no,0
C000080,67,88.42,5644.82,2,2.43,33.36,one_year,cash,yes,0
C000081,32,58.44,1684.61,3,1.63,40.51,two_year,bank_transfer,yes,0
C000082,12,94.91,1152.29,2,3.67,72.0,month-to-month,bank_transfer,yes,0
C000083,60,45.16,2623.13,2,0.44,34.42,two_year,card,yes,0
C000084,45,77.36,3832.08,1,0.38,36.33,two_year,card,yes,0
C000085,50,93.07,4489.59,3,3.67,58.71,two_year,digital_wallet,yes,0
C000086,7,86.5,553.25,3,4.68,72.45,two_year,card,no,1
C000087,23,117.91,2373.69,2,9.42,46.95,month-to-month,cash,yes,0
C000088,55,50.91,2592.41,1,3.13,84.34,one_year,card,no,0
C000089,60,35.52,2257.47,5,4.19,29.43,one_year,card,no,0
C000090,31,45.14,1452.38,5,10.98,25.92,one_year,card,yes,0
C000091,58,86.51,5198.2,3,11.47,24.21,one_year,card,yes,0
C000092,60,82.45,5478.43,3,1.23,21.96,one_year,card,yes,0
C000093,28,72.56,1880.92,2,4.29,61.73,month-to-month,bank_transfer,yes,0
C000094,64,41.93,2659.76,1,3.48,35.44,one_year,card,yes,0
C000095,21,89.17,1686.2,2,3.14,26.8,two_year,digital_wallet,yes,0
C000096,18,39.38,649.08,1,2.73,62.6,one_year,bank_transfer,yes,0
C000097,49,98.97,4661.91,2,0.97,71.48,month-to-month,digital_wallet,no,0
C000098,46,141.44,6910.24,3,11.08,76.02,two_year,digital_wallet,yes,0
C000099,10,79.16,870.86,2,1.05,72.51,one_year,card,yes,0
C000100,60,84.58,4781.17,5,1.61,36.64,month-to-month,card,yes,0
C000101,15,57.68,838.64,2,0.32,60.52,one_year,digital_wallet,yes,0
C000102,58,24.74,1602.1,2,3.2,64.94,one_year,digital_wallet,no,0
C000103,1,54.93,59.55,2,8.34,45.5,one_year,card,yes,0
C000104,57,42.68,2571.53,3,0.15,58.3,month-to-month,digital_wallet,yes,0
C000105,56,33.82,1841.43,2,0.25,29.97,month-to-month,card,yes,0
C000106,56,113.06,6029.41,1,4.79,42.45,two_year,card,no,0
C000107,48,76.82,3934.6,1,0.75,62.44,two_year,card,no,0
C000108,34,79.49,2373.0,3,1.71,85.15,month-to-month,digital_wallet,no,0
C000109,51,62.27,3217.41,1,2.84,78.03,two_year,card,yes,0
C000110,20,65.68,1140.49,4,2.05,68.22,month-to-month,bank_transfer,yes,0
C000111,56,94.11,5465.38,1,0.85,56.59,month-to-month,card,yes,0
C000112,40,69.19,2824.46,3,0.1,53.5,one_year,card,yes,0
C000113,33,83.27,2384.94,2,7.36,26.05,month-to-month,card,yes,0
C000114,36,65.1,2287.25,0,6.22,38.29,month-to-month,bank_transfer,yes,0
C000115,41,61.45,2286.85,0,5.41,38.94,two_year,digital_wallet,yes,0
C000116,3,34.83,113.83,2,0.55,66.5,month-to-month,digital_wallet,yes,0
C000117,10,20.56,231.05,2,0.44,73.9,month-to-month,card,no,0
C000118,18,63.46,1078.79,3,0.6,69.73,month-to-month,card,yes,0
C000119,9,71.41,551.96,3,16.61,78.65,one_year,card,yes,0
C000120,32,37.85,1355.58,4,0.62,56.45,one_year,digital_wallet,yes,0
C000121,48,69.14,3661.63,4,6.14,35.34,month-to-month,bank_transfer,yes,1
C000122,47,71.34,3651.77,2,4.27,54.0,month-to-month,digital_wallet,yes,0
C000123,34,16.1,523.81,4,14.1,40.5,month-to-month,card,yes,0
C000124,61,47.12,2512.0,2,11.71,68.16,one_year,bank_transfer,yes,0
C000125,41,80.18,3755.78,2,1.56,47.82,two_year,bank_transfer,yes,0
C000126,6,79.68,477.11,4,2.08,53.03,month-to-month,bank_transfer,yes,0
C000127,55,41.16,2166.32,4,3.88,68.87,two_year,bank_transfer,no,0
C000128,41,73.96,3284.59,0,21.76,40.18,two_year,card,yes,0
C000129,46,95.56,4620.88,2,27.07,74.28,month-to-month,bank_transfer,yes,0
C000130,41,89.43,3162.57,2,1.24,28.05,month-to-month,cash,yes,0
C000131,40,67.62,3076.66,5,1.46,61.13,one_year,card,yes,0
C000132,7,58.3,414.97,0,16.06,53.18,two_year,digital_wallet,yes,0
C000133,40,54.27,1967.64,4,4.54,71.55,month-to-month,cash,yes,0
C000134,57,81.7,3980.46,1,0.43,27.51,month-to-month,bank_transfer,yes,0
C000135,22,74.88,1673.12,2,2.92,24.38,one_year,bank_transfer,no,0
C000136,43,85.74,3790.62,3,0.29,70.0,one_year,card,yes,0
C000137,3,73.3,193.48,2,7.99,47.18,month-to-month,digital_wallet,yes,0
C000138,25,90.47,2292.21,1,0.85,53.18,month-to-month,cash,yes,0
C000139,32,72.36,2268.24,3,8.55,41.81,month-to-month,cash,yes,0
C000140,70,89.62,6155.82,1,12.14,73.26,two_year,card,no,0
C000141,16,91.77,1677.68,1,7.25,60.98,one_year,cash,yes,0
C000142,20,49.89,936.64,2,6.43,59.81,month-to-month,card,yes,1
C000143,30,24.8,829.62,2,2.07,31.61,two_year,bank_transfer,yes,1
C000144,71,108.59,7350.09,0,5.94,65.03,month-to-month,card,yes,0
C000145,61,76.42,4213.21,1,4.7,35.16,two_year,card,yes,0
C000146,3,27.14,72.92,2,7.46,41.83,month-to-month,bank_transfer,yes,0
C000147,17,52.15,1003.83,1,0.05,27.69,month-to-month,bank_transfer,yes,1
C000148,59,89.3,4515.05,3,4.21,51.87,month-to-month,cash,yes,0
C000149,5,63.01,288.5,1,0.35,76.29,month-to-month,card,yes,0
C000150,61,57.2,3322.13,0,3.74,59.53,two_year,digital_wallet,yes,0
C000151,20,105.02,2199.25,4,2.15,46.16,month-to-month,bank_transfer,yes,1
C000152,66,43.82,2784.22,2,2.12,57.18,month-to-month,card,yes,0
C000153,21,50.05,899.76,1,5.12,57.07,one_year,card,yes,0
C000154,31,75.28,2345.7,2,2.22,56.32,month-to-month,digital_wallet,yes,1
C000155,47,79.76,4181.17,3,6.55,58.55,month-to-month,digital_wallet,no,0
C000156,9,82.41,827.69,1,5.04,34.2,month-to-month,card,no,1
C000157,40,92.78,4258.57,1,0.56,57.13,two_year,bank_transfer,no,0
C000158,36,74.96,2571.12,2,4.35,19.9,one_year,bank_transfer,yes,0
C000159,56,82.23,4083.55,1,0.39,66.51,two_year,bank_transfer,yes,0
C000160,71,63.52,3927.5,4,4.18,32.95,one_year,digital_wallet,yes,0
C000161,48,71.57,3813.55,4,4.86,78.55,month-to-month,digital_wallet,no,0
C000162,30,72.69,2343.03,3,9.24,6.1,month-to-month,card,no,1
C000163,29,75.38,2269.61,6,2.18,88.49,one_year,card,yes,0
C000164,30,89.31,2676.8,1,2.17,22.22,month-to-month,card,yes,1
C000165,58,83.88,4802.7,0,6.84,31.0,two_year,cash,yes,0
C000166,23,71.11,1632.46,3,5.32,60.98,month-to-month,bank_transfer,yes,0
C000167,12,49.77,572.87,4,10.25,67.37,month-to-month,card,yes,0
C000168,24,71.69,1707.53,1,3.51,49.33,one_year,digital_wallet,yes,0
C000169,2,69.3,126.55,0,1.41,72.85,month-to-month,bank_transfer,yes,0
C000170,8,74.83,529.99,1,1.3,39.07,one_year,card,yes,0
C000171,7,125.16,800.26,0,1.79,47.01,one_year,card,no,0
C000172,55,56.91,3572.02,1,10.23,48.96,one_year,digital_wallet,no,0
C000173,52,80.56,4805.62,1,6.73,44.23,two_year,digital_wallet,yes,0
C000174,50,96.71,5200.44,2,2.15,16.32,month-to-month,card,yes,0
C000175,33,72.45,2632.7,0,9.19,54.51,month-to-month,card,yes,0
C000176,51,128.45,5771.67,2,0.95,52.7,two_year,card,yes,0
C000177,12,60.55,644.42,0,13.16,76.56,month-to-month,digital_wallet,no,1
C000178,64,78.1,4387.7,1,0.55,29.28,month-to-month,card,yes,0
C000179,36,50.03,1565.06,2,10.85,42.21,month-to-month,card,yes,0
C000180,67,61.21,4405.51,2,1.44,79.07,one_year,card,yes,0
C000181,11,76.22,726.88,0,6.83,60.87,one_year,cash,yes,0
C000182,36,91.16,3723.76,1,0.49,65.99,month-to-month,bank_transfer,yes,0
C000183,50,77.98,4079.04,3,1.95,64.07,month-to-month,card,yes,0
C000184,36,101.48,3292.5,2,0.98,64.16,month-to-month,bank_transfer,yes,0
C000185,32,67.63,2370.17,3,11.69,91.42,month-to-month,digital_wallet,yes,0
C000186,12,61.7,812.24,0,1.1,56.83,month-to-month,digital_wallet,yes,0
C000187,28,137.6,3926.63,3,2.39,34.77,one_year,cash,yes,0
C000188,17,79.86,1190.97,2,0.43,67.78,two_year,bank_transfer,no,0
C000189,22,52.01,1110.22,1,3.77,43.67,one_year,bank_transfer,yes,0
C000190,49,52.64,2617.09,0,24.39,52.8,two_year,card,yes,0
C000191,45,46.43,2242.31,0,1.89,62.4,two_year,digital_wallet,yes,0
C000192,44,93.41,3861.77,4,22.86,38.57,one_year,digital_wallet,yes,0
C000193,26,60.89,1760.38,2,4.7,44.79,one_year,card,yes,0
C000194,69,73.18,4672.09,4,2.06,64.52,one_year,bank_transfer,yes,0
C000195,7,68.41,550.46,1,6.43,44.03,one_year,card,no,1
C000196,25,88.29,1952.29,3,0.24,74.47,month-to-month,digital_wallet,yes,0
C000197,9,48.83,483.38,1,7.28,35.28,month-to-month,card,yes,1
C000198,25,43.11,958.85,2,3.99,35.21,one_year,card,no,0
C000199,69,75.61,5622.76,3,2.78,93.12,two_year,card,yes,0
C000200,27,85.02,2545.16,2,6.23,24.4,one_year,card,yes,0
C000201,65,78.31,4804.67,4,2.02,54.47,month-to-month,card,yes,0
C000202,36,49.76,1577.23,1,6.06,92.03,one_year,digital_wallet,yes,0
C000203,50,86.94,4998.77,4,10.18,54.43,one_year,digital_wallet,yes,0
C000204,33,51.4,1936.03,0,0.94,81.94,one_year,bank_transfer,no,0
C000205,19,56.96,1165.65,3,2.38,68.05,month-to-month,card,yes,0
C000206,55,46.4,2465.16,1,7.36,54.86,month-to-month,digital_wallet,yes,0
C000207,69,102.53,6298.57,2,0.56,52.39,month-to-month,digital_wallet,no,0
C000208,19,85.84,1590.78,2,1.3,12.61,two_year,bank_transfer,yes,0
C000209,56,85.12,5082.1,2,2.44,48.62,month-to-month,digital_wallet,yes,0
C000210,19,101.18,1721.93,2,1.46,59.64,two_year,digital_wallet,no,0
C000211,51,140.32,6118.78,1,3.02,59.63,month-to-month,digital_wallet,yes,0
C000212,57,27.27,1742.76,2,6.91,100.0,two_year,card,yes,0
C000213,32,51.54,1748.25,5,7.81,60.62,month-to-month,bank_transfer,yes,1
C000214,53,54.6,3061.83,2,16.21,67.6,one_year,card,yes,0
C000215,20,48.73,1105.34,2,2.14,78.3,one_year,digital_wallet,no,0
C000216,6,43.06,259.97,2,1.33,65.81,one_year,digital_wallet,yes,0
C000217,7,62.51,413.68,4,1.02,53.28,one_year,cash,no,0
C000218,32,39.58,1422.3,1,2.44,53.38,month-to-month,card,yes,0
C000219,65,78.38,5836.93,3,2.78,47.99,month-to-month,bank_transfer,yes,0
C000220,10,71.29,610.36,1,10.24,63.88,month-to-month,digital_wallet,no,0
C000221,33,82.03,2569.35,0,2.6,51.59,one_year,digital_wallet,no,0
C000222,50,82.69,3963.99,0,0.71,67.5,one_year,digital_wallet,no,0
C000223,15,85.08,1127.29,0,1.53,34.82,month-to-month,card,yes,0
C000224,52,60.66,2891.07,3,0.06,57.94,one_year,cash,yes,0
C000225,22,123.03,2320.49,0,6.89,86.04,month-to-month,cash,yes,0
C000226,58,75.86,4659.19,3,1.28,50.51,month-to-month,cash,yes,0
C000227,42,23.44,868.3,0,0.06,91.86,month-to-month,bank_transfer,no,0
C000228,39,44.94,1956.5,3,1.21,58.27,one_year,digital_wallet,no,0
C000229,13,26.49,353.01,0,3.95,53.87,month-to-month,card,yes,0
C000230,33,70.43,2224.0,3,2.23,57.33,two_year,card,yes,0
C000231,61,66.95,4462.72,4,4.73,48.77,one_year,card,no,0
C000232,2,58.29,121.85,2,2.83,15.39,one_year,bank_transfer,yes,0
C000233,54,120.27,6987.75,3,2.14,72.6,month-to-month,cash,yes,0
C000234,35,83.72,3262.47,3,3.99,98.85,one_year,bank_transfer,yes,0
C000235,52,88.15,5007.02,2,7.66,64.61,two_year,bank_transfer,yes,0
C000236,48,46.72,2430.52,3,0.52,65.83,month-to-month,digital_wallet,no,0
C000237,31,45.02,1491.9,3,2.04,51.35,month-to-month,bank_transfer,yes,0
C000238,22,70.92,1502.9,4,0.99,78.16,month-to-month,bank_transfer,yes,0
C000239,45,74.33,3496.98,1,9.42,54.21,month-to-month,bank_transfer,yes,0
C000240,10,23.59,240.57,1,2.09,60.34,month-to-month,bank_transfer,no,0
C000241,42,65.49,3133.11,2,4.42,23.7,one_year,bank_transfer,no,0
C000242,7,70.35,492.6,5,1.71,44.41,month-to-month,digital_wallet,no,0
C000243,47,64.62,2783.73,1,0.92,62.35,one_year,bank_transfer,yes,0
C000244,45,49.67,2206.59,1,0.87,73.14,month-to-month,bank_transfer,no,0
C000245,6,56.51,330.39,1,3.63,73.7,one_year,bank_transfer,yes,0
C000246,54,65.58,3507.79,1,1.44,23.42,two_year,cash,yes,0
C000247,30,72.27,2220.8,0,3.4,25.44,month-to-month,bank_transfer,yes,0
C000248,56,85.12,5407.39,4,5.55,66.68,month-to-month,digital_wallet,yes,0
C000249,3,97.02,271.95,2,2.65,40.06,month-to-month,bank_transfer,yes,0
C000250,13,62.64,928.95,4,1.52,72.89,month-to-month,card,no,1
C000251,36,58.6,2286.39,2,4.0,22.4,one_year,bank_transfer,yes,0
C000252,14,80.94,1025.39,1,1.41,53.03,two_year,card,yes,0
C000253,24,85.27,1911.71,6,7.27,54.32,one_year,card,no,0
C000254,47,59.14,3121.17,1,1.24,64.61,two_year,card,yes,0
C000255,11,89.76,1076.62,1,4.5,34.38,month-to-month,digital_wallet,yes,0
C000256,49,94.49,4134.62,3,6.43,15.66,month-to-month,bank_transfer,yes,0
C000257,8,102.29,839.1,2,29.86,58.43,month-to-month,bank_transfer,yes,1
C000258,13,114.46,1388.41,1,3.0,65.53,one_year,bank_transfer,yes,0
C000259,42,48.34,2109.29,1,9.59,75.15,month-to-month,card,yes,0
C000260,57,70.35,3617.14,0,1.82,47.83,month-to-month,digital_wallet,no,0
C000261,13,70.28,873.07,2,0.07,70.51,two_year,cash,yes,0
C000262,22,67.55,1436.36,2,0.13,64.72,month-to-month,digital_wallet,yes,0
C000263,66,53.77,3588.86,1,2.99,81.45,month-to-month,card,yes,0
C000264,71,32.86,2150.67,4,3.58,53.89,month-to-month,cash,yes,0
C000265,42,72.32,3244.83,1,2.68,20.4,month-to-month,digital_wallet,yes,0
C000266,32,50.79,1776.11,1,1.53,53.65,month-to-month,card,yes,0
C000267,25,72.15,1879.5,2,4.33,56.77,month-to-month,card,yes,0
C000268,44,50.15,2473.38,0,0.74,65.36,month-to-month,card,yes,0
C000269,42,42.51,1940.95,5,11.22,24.35,one_year,digital_wallet,yes,0
C000270,21,75.86,1375.09,2,1.06,48.76,month-to-month,bank_transfer,yes,0
C000271,2,73.77,129.16,2,11.59,72.36,one_year,card,yes,0
C000272,11,84.48,973.9,1,5.76,52.92,one_year,card,yes,0
C000273,69,124.65,9173.09,0,3.35,48.89,one_year,bank_transfer,yes,0
C000274,30,76.93,2631.94,1,0.19,93.13,two_year,digital_wallet,yes,0
C000275,35,82.13,2446.15,3,5.45,33.6,month-to-month,bank_transfer,no,0
C000276,34,43.06,1348.54,2,5.07,79.66,month-to-month,card,yes,0
C000277,56,37.83,2329.16,5,0.36,75.42,month-to-month,bank_transfer,yes,0
C000278,5,109.57,612.2,5,14.08,50.5,month-to-month,cash,yes,1
C000279,6,46.91,278.47,2,2.61,54.34,one_year,card,yes,0
C000280,20,43.9,873.75,3,0.07,54.27,one_year,bank_transfer,yes,0
C000281,35,69.02,2672.07,1,3.87,58.64,month-to-month,card,yes,0
C000282,48,67.75,3212.72,2,5.36,43.11,month-to-month,card,yes,0
C000283,35,47.44,1803.47,3,9.31,46.44,two_year,digital_wallet,yes,0
C000284,32,62.38,2264.72,5,7.35,47.9,month-to-month,cash,yes,1
C000285,67,100.73,6267.0,2,5.2,48.53,month-to-month,card,no,0
C000286,12,49.85,557.72,2,1.75,48.78,two_year,card,yes,0
C000287,41,35.16,1631.16,7,0.04,10.18,one_year,card,yes,0
C000288,39,93.56,3566.16,3,1.58,56.95,month-to-month,bank_transfer,yes,0
C000289,34,82.31,2391.89,3,2.16,44.45,month-to-month,card,yes,1
C000290,58,54.49,3162.61,1,2.2,17.66,one_year,bank_transfer,yes,0
C000291,19,30.45,598.73,1,5.71,48.0,month-to-month,card,yes,1
C000292,68,51.38,3226.56,2,19.7,47.38,two_year,digital_wallet,yes,0
C000293,24,68.63,1759.55,3,1.29,80.5,one_year,cash,yes,0
C000294,39,99.14,3556.75,2,34.97,44.22,one_year,card,yes,0
C000295,37,44.09,1445.04,0,10.75,68.36,one_year,digital_wallet,no,0
C000296,61,67.89,3829.74,2,0.62,82.66,two_year,digital_wallet,yes,0
C000297,32,86.88,2808.4,5,10.11,42.44,month-to-month,card,yes,1
C000298,21,15.0,348.62,2,1.88,54.05,month-to-month,cash,yes,0
C000299,2,95.84,193.38,0,5.86,89.57,one_year,bank_transfer,yes,0
C000300,26,40.44,1161.48,0,5.0,59.58,month-to-month,bank_transfer,yes,0
C000301,59,78.3,4015.7,0,11.62,62.47,one_year,digital_wallet,yes,0
C000302,1,76.17,73.26,2,7.86,46.85,month-to-month,card,yes,1
C000303,64,97.11,6094.47,5,3.43,68.74,month-to-month,card,yes,0
C000304,39,83.77,3562.89,5,2.8,54.21,month-to-month,bank_transfer,yes,0
C000305,10,15.0,154.98,1,1.74,18.36,one_year,digital_wallet,yes,0
C000306,22,50.38,1203.15,0,3.06,47.9,month-to-month,cash,yes,1
C000307,40,73.46,2795.9,1,5.12,31.34,month-to-month,bank_transfer,yes,0
C000308,23,65.13,1692.93,1,1.04,57.24,month-to-month,card,yes,1
C000309,8,81.94,717.2,3,0.56,36.66,month-to-month,card,no,0
C000310,48,89.73,4844.12,0,3.72,64.56,one_year,cash,yes,0
C000311,48,85.21,3799.08,0,12.61,55.9,two_year,card,yes,0
C000312,9,64.64,495.67,4,2.4,30.04,one_year,cash,yes,0
C000313,20,23.84,493.35,0,3.02,45.15,one_year,card,yes,0
C000314,18,58.61,1052.68,2,0.63,67.41,month-to-month,card,yes,0
C000315,47,80.41,4095.5,2,1.7,77.96,two_year,card,yes,0
C000316,52,42.74,1954.06,1,6.86,36.95,two_year,bank_transfer,yes,0
C000317,52,85.78,4588.38,0,12.1,33.05,one_year,card,yes,0
C000318,67,92.71,5650.47,1,2.93,94.02,month-to-month,cash,yes,0
C000319,55,73.17,4042.07,0,0.27,54.8,month-to-month,bank_transfer,yes,0
C000320,23,15.0,309.64,4,0.85,56.83,month-to-month,card,no,0
C000321,8,38.05,342.04,0,0.34,40.21,month-to-month,bank_transfer,yes,1
C000322,44,117.15,4665.01,3,3.81,59.3,month-to-month,card,yes,0
C000323,66,56.34,3801.96,2,16.67,89.3,two_year,digital_wallet,yes,0
C000324,70,20.4,1215.99,2,2.38,60.09,month-to-month,digital_wallet,yes,0
C000325,17,100.88,1538.22,1,4.7,76.3,month-to-month,cash,yes,0
C000326,17,70.33,1195.44,2,0.25,55.58,two_year,bank_transfer,no,0
C000327,3,97.62,252.54,2,2.41,34.48,two_year,card,no,0
C000328,11,76.92,857.02,0,2.95,41.34,month-to-month,bank_transfer,yes,1
C000329,40,81.46,2949.97,1,2.3,32.64,month-to-month,bank_transfer,no,0
C000330,39,79.08,3293.52,4,0.17,59.36,one_year,bank_transfer,yes,0
C000331,27,87.44,2621.64,2,6.07,79.48,two_year,card,yes,0
C000332,23,126.94,3145.97,2,16.03,58.22,one_year,card,no,0
C000333,59,94.28,4833.68,1,4.74,48.84,month-to-month,cash,yes,0
C000334,33,30.49,1005.12,1,3.56,39.21,one_year,cash,yes,0
C000335,58,81.17,4158.53,4,1.53,62.11,one_year,card,no,0
C000336,69,98.54,6613.56,3,7.27,30.24,month-to-month,cash,yes,0
C000337,23,100.07,2536.0,1,4.75,32.32,month-to-month,digital_wallet,yes,1
C000338,15,59.33,767.51,4,8.53,73.0,two_year,card,no,0
C000339,68,99.12,6238.22,1,7.61,49.45,one_year,cash,no,0
C000340,46,93.19,4706.9,1,7.21,49.05,month-to-month,cash,yes,0
C000341,21,134.31,2740.97,0,0.9,51.62,one_year,bank_transfer,yes,0
C000342,45,51.25,2123.15,1,11.11,69.52,one_year,digital_wallet,no,0
C000343,37,57.31,2406.57,1,2.12,58.31,month-to-month,card,yes,0
C000344,65,62.35,3634.0,1,1.4,40.14,month-to-month,bank_transfer,no,0
C000345,19,57.74,1192.14,2,10.76,40.86,month-to-month,digital_wallet,yes,0
C000346,71,47.75,3062.8,2,1.89,51.1,two_year,bank_transfer,yes,0
C000347,67,15.0,1144.61,4,2.15,61.04,month-to-month,card,yes,0
C000348,13,59.13,834.7,2,7.72,54.29,one_year,bank_transfer,yes,0
C000349,12,79.23,887.04,1,0.61,52.51,month-to-month,digital_wallet,yes,0
C000350,38,57.67,2509.38,4,9.74,55.93,two_year,digital_wallet,yes,0
C000351,4,118.38,418.77,2,1.03,54.28,two_year,card,no,1
C000352,22,70.33,1714.28,2,6.54,39.39,two_year,bank_transfer,yes,0
C000353,31,102.28,3360.24,1,4.09,77.14,two_year,card,yes,0
C000354,69,76.54,4764.29,1,0.92,45.35,month-to-month,bank_transfer,yes,0
C000355,71,90.66,6526.42,2,3.78,57.58,month-to-month,card,yes,0
C000356,11,76.98,722.8,3,4.23,13.79,month-to-month,cash,yes,0
C000357,64,104.22,6816.39,4,6.65,50.7,one_year,bank_transfer,no,0
C000358,7,71.4,512.11,5,15.66,33.01,month-to-month,bank_transfer,yes,0
C000359,54,82.4,4327.65,3,5.95,35.42,month-to-month,digital_wallet,yes,0
C000360,61,79.16,5298.61,1,0.56,100.0,month-to-month,card,yes,0
C000361,64,62.79,4538.06,4,3.42,59.99,one_year,card,yes,0
C000362,16,80.12,1294.98,2,1.66,79.52,month-to-month,card,yes,0
C000363,64,125.86,8475.38,0,10.44,72.11,month-to-month,bank_transfer,yes,0
C000364,9,63.24,508.69,3,1.51,74.66,one_year,digital_wallet,yes,0
C000365,37,80.49,3423.01,1,9.16,51.02,month-to-month,card,yes,0
C000366,34,101.44,3819.46,0,1.82,87.13,two_year,digital_wallet,yes,0
C000367,23,98.51,2570.85,3,1.51,71.93,one_year,card,yes,0
C000368,2,70.29,152.31,2,6.42,55.83,one_year,card,yes,1
C000369,55,15.0,781.17,0,7.89,60.27,month-to-month,digital_wallet,yes,0
C000370,24,82.92,1823.86,1,1.98,52.27,month-to-month,digital_wallet,no,0
C000371,47,15.0,707.34,1,4.16,56.04,one_year,cash,yes,0
C000372,30,106.75,2801.44,2,1.31,54.13,month-to-month,bank_transfer,yes,0
C000373,27,74.24,2035.55,4,8.32,62.63,two_year,bank_transfer,yes,0
C000374,63,94.99,5750.95,4,4.93,89.8,two_year,card,yes,0
C000375,7,47.45,354.84,0,2.22,30.9,month-to-month,card,yes,1
C000376,53,31.19,1715.26,3,7.93,77.85,one_year,cash,yes,0
C000377,54,76.52,3817.8,0,8.66,47.64,month-to-month,bank_transfer,yes,0
C000378,27,69.16,1998.09,1,0.68,80.39,month-to-month,card,no,0
C000379,19,57.71,1034.38,4,4.4,48.33,month-to-month,card,yes,1
C000380,1,72.12,66.68,0,4.23,63.26,one_year,card,yes,0
C000381,67,139.19,9097.6,3,1.27,51.82,two_year,digital_wallet,yes,0
C000382,68,90.86,5544.49,1,5.23,20.39,month-to-month,bank_transfer,yes,0
C000383,18,96.24,1641.41,1,1.99,89.78,one_year,cash,yes,0
C000384,3,91.1,253.61,1,8.79,36.14,month-to-month,bank_transfer,yes,0
C000385,9,106.99,824.72,0,5.98,56.68,month-to-month,digital_wallet,no,0
C000386,5,65.25,306.75,1,10.22,33.95,one_year,card,yes,0
C000387,60,18.63,1106.74,2,4.75,28.26,one_year,card,yes,0
C000388,64,65.29,4591.58,1,8.59,50.9,one_year,card,yes,0
C000389,11,90.29,898.02,3,0.6,43.13,two_year,card,yes,0
C000390,54,45.75,2342.82,3,1.47,31.62,month-to-month,cash,yes,0
C000391,13,65.59,732.29,5,2.77,54.29,month-to-month,digital_wallet,yes,0
C000392,27,52.71,1241.66,3,0.09,25.36,month-to-month,card,no,0
C000393,43,107.55,4425.05,3,17.51,57.51,one_year,bank_transfer,yes,0
C000394,52,88.74,4614.19,3,4.42,52.45,month-to-month,bank_transfer,no,0
C000395,63,86.29,5841.06,3,9.99,5.39,month-to-month,bank_transfer,no,0
C000396,4,85.54,369.18,1,0.56,44.54,one_year,card,yes,0
C000397,14,69.07,1087.05,3,2.49,64.37,month-to-month,card,yes,0
C000398,20,74.94,1682.14,2,10.65,33.73,one_year,card,yes,0
C000399,23,40.37,817.51,2,1.94,65.24,two_year,cash,yes,0
C000400,71,15.34,962.32,3,0.73,63.65,month-to-month,bank_transfer,yes,0
C000401,56,73.75,4126.14,1,4.75,34.65,month-to-month,digital_wallet,yes,0
C000402,23,78.1,1844.51,1,3.31,54.75,two_year,cash,yes,0
C000403,69,100.23,7119.08,3,0.93,71.5,one_year,card,no,0
C000404,36,109.28,3918.0,1,8.74,37.47,month-to-month,card,no,0
C000405,36,109.25,4500.77,1,5.63,50.88,one_year,card,no,0
C000406,31,45.05,1400.28,1,20.61,78.0,month-to-month,digital_wallet,yes,0
C000407,11,61.19,761.03,3,1.6,37.85,one_year,bank_transfer,yes,0
C000408,67,82.01,6299.28,5,7.58,64.18,one_year,card,yes,0
C000409,1,133.3,131.06,2,9.56,33.42,month-to-month,card,yes,1
C000410,13,107.0,1238.2,1,8.45,51.78,one_year,digital_wallet,no,0
C000411,17,97.98,1578.75,2,4.51,63.93,month-to-month,digital_wallet,no,1
C000412,20,60.31,1154.92,2,8.94,6.91,two_year,card,yes,0
C000413,10,47.92,535.03,3,2.88,44.31,one_year,digital_wallet,yes,0
C000414,2,89.72,204.3,1,2.58,63.59,two_year,card,yes,0
C000415,49,42.48,1875.39,0,1.63,59.52,month-to-month,card,yes,0
C000416,69,64.04,3782.5,3,6.14,44.55,month-to-month,card,yes,0
C000417,9,67.13,664.11,2,28.43,32.91,month-to-month,digital_wallet,yes,1
C000418,22,109.82,2458.61,1,4.31,67.57,month-to-month,digital_wallet,no,0
C000419,36,61.13,2366.6,3,2.51,48.55,month-to-month,bank_transfer,yes,0
C000420,66,15.0,940.01,3,0.19,65.91,one_year,card,yes,0
C000421,50,82.61,3707.4,3,2.23,62.6,month-to-month,bank_transfer,yes,0
C000422,55,52.52,2684.89,0,1.62,46.05,two_year,card,yes,0
C000423,42,71.07,2580.46,2,8.8,76.45,month-to-month,card,yes,0
C000424,30,67.83,1965.28,1,4.4,43.11,month-to-month,bank_transfer,yes,0
C000425,15,63.16,833.46,0,0.8,78.81,one_year,bank_transfer,yes,0
C000426,62,89.76,5504.54,0,5.01,81.43,month-to-month,card,yes,0
C000427,58,31.68,2002.28,2,4.17,76.0,one_year,card,yes,0
C000428,2,57.07,98.66,2,0.17,51.39,one_year,card,no,0
C000429,51,87.1,4970.83,1,0.5,100.0,one_year,bank_transfer,yes,0
C000430,6,54.65,290.82,5,8.91,58.04,one_year,bank_transfer,yes,1
C000431,53,29.78,1652.19,0,0.42,59.82,one_year,digital_wallet,yes,0
C000432,59,86.71,4717.88,1,0.73,54.56,two_year,card,yes,0
C000433,10,98.08,1082.26,4,4.39,32.4,month-to-month,card,yes,1
C000434,31,68.88,1821.49,2,11.42,80.9,month-to-month,card,no,0
C000435,9,20.98,184.36,0,1.52,43.55,one_year,card,yes,0
C000436,41,87.65,4091.59,3,3.74,73.39,month-to-month,digital_wallet,yes,0
C000437,66,28.5,1662.72,2,5.74,78.19,month-to-month,card,yes,0
C000438,6,77.72,502.78,0,1.89,67.07,one_year,card,no,0
C000439,29,47.81,1480.86,2,7.35,41.16,month-to-month,card,yes,0
C000440,70,41.0,2714.58,0,8.55,48.18,month-to-month,card,yes,1
C000441,22,58.95,1125.93,1,4.2,1.46,one_year,cash,yes,0
C000442,10,65.42,719.55,0,15.84,52.67,month-to-month,cash,yes,0
C000443,35,53.89,2115.44,3,0.75,71.05,month-to-month,bank_transfer,yes,0
C000444,37,84.72,2784.58,1,7.5,50.25,one_year,card,no,0
C000445,48,58.85,3119.47,3,1.66,43.2,one_year,bank_transfer,no,0
C000446,23,94.5,2390.9,2,10.12,49.05,one_year,bank_transfer,yes,0
C000447,68,77.03,5359.03,0,3.78,79.31,month-to-month,bank_transfer,yes,0
C000448,37,52.56,2110.18,3,4.95,53.91,month-to-month,card,no,0
C000449,21,48.35,875.1,2,0.45,92.16,one_year,card,yes,0
C000450,69,28.81,1985.79,3,5.34,43.59,month-to-month,card,yes,0
C000451,66,77.27,5814.17,2,0.99,59.34,two_year,card,yes,0
C000452,36,61.14,2382.59,0,8.66,46.33,one_year,bank_transfer,yes,0
C000453,2,15.0,27.91,1,5.0,96.49,month-to-month,digital_wallet,yes,0
C000454,43,56.61,2524.31,2,1.34,58.59,one_year,card,yes,0
C000455,40,47.47,1735.21,2,3.84,97.56,two_year,digital_wallet,yes,0
C000456,11,109.39,1103.0,4,8.14,46.6,two_year,card,yes,1
C000457,46,27.43,1144.21,0,3.28,85.55,one_year,card,yes,0
C000458,60,33.97,1848.43,1,11.38,57.36,month-to-month,bank_transfer,yes,0
C000459,8,97.75,781.83,1,3.24,71.73,one_year,card,yes,0
C000460,52,103.92,5095.45,4,0.05,30.61,one_year,cash,yes,0
C000461,10,51.38,556.6,0,5.55,61.97,one_year,cash,no,0
C000462,54,54.2,3272.72,3,1.49,33.62,month-to-month,card,no,0
C000463,30,85.41,2552.64,1,7.51,60.14,two_year,card,yes,0
C000464,1,15.0,13.61,1,2.31,24.63,month-to-month,card,yes,1
C000465,69,23.47,1861.38,5,12.37,53.12,month-to-month,cash,yes,0
C000466,12,62.98,653.08,3,1.59,76.91,month-to-month,card,yes,0
C000467,43,108.75,4745.77,2,6.76,65.95,month-to-month,digital_wallet,yes,0
C000468,13,59.11,703.76,1,6.27,30.32,month-to-month,card,no,1
C000469,67,72.52,5497.05,2,1.59,17.03,month-to-month,bank_transfer,no,0
C000470,53,98.34,4938.57,2,6.72,64.94,month-to-month,card,yes,1
C000471,58,122.67,8092.67,2,0.47,86.62,month-to-month,digital_wallet,yes,0
C000472,31,55.58,1967.33,1,2.15,35.72,month-to-month,digital_wallet,yes,0
C000473,34,69.58,2680.07,5,9.39,96.95,month-to-month,card,yes,1
C000474,46,115.55,5782.15,2,0.54,54.87,month-to-month,card,yes,0
C000475,56,31.95,1918.38,1,5.45,15.83,month-to-month,bank_transfer,no,0
C000476,61,95.69,6629.92,3,0.39,23.78,month-to-month,bank_transfer,no,0
C000477,2,44.54,81.7,3,2.22,70.4,one_year,digital_wallet,no,0
C000478,48,72.56,3806.78,1,5.79,57.59,month-to-month,card,yes,0
C000479,8,63.93,452.17,2,0.82,84.64,one_year,cash,yes,0
C000480,21,46.05,926.97,5,5.13,31.04,month-to-month,card,yes,1
C000481,59,45.42,2601.0,3,0.24,57.37,month-to-month,digital_wallet,yes,0
C000482,18,76.91,1590.1,5,0.06,55.14,month-to-month,cash,yes,0
C000483,57,94.89,5118.16,0,2.06,52.14,month-to-month,bank_transfer,yes,0
C000484,33,66.76,2239.14,0,0.05,47.35,one_year,cash,yes,0
C000485,17,71.75,1268.65,2,3.64,47.75,one_year,bank_transfer,yes,0
C000486,24,84.28,2130.62,1,2.37,58.49,one_year,digital_wallet,no,0
C000487,38,45.71,1539.03,3,1.33,61.05,month-to-month,card,yes,0
C000488,55,88.49,4953.41,0,1.9,60.05,month-to-month,card,yes,0
C000489,44,90.48,4142.19,0,1.85,79.12,two_year,bank_transfer,yes,0
C000490,67,135.09,10146.3,1,0.39,30.97,month-to-month,digital_wallet,yes,0
C000491,62,60.6,4272.46,3,0.89,18.77,month-to-month,cash,yes,0
C000492,54,58.55,2910.27,0,1.35,75.34,month-to-month,bank_transfer,yes,0
C000493,43,89.22,3503.45,2,2.64,36.13,two_year,digital_wallet,yes,0
C000494,21,90.48,2004.77,3,6.98,47.41,two_year,digital_wallet,no,0
C000495,30,56.62,1693.33,1,9.05,42.76,month-to-month,digital_wallet,yes,0
C000496,9,59.92,578.69,0,2.97,42.33,month-to-month,card,yes,0
C000497,27,83.53,2491.03,0,1.84,25.83,one_year,bank_transfer,no,1
C000498,66,49.31,2776.75,3,1.98,43.61,month-to-month,bank_transfer,yes,0
C000499,31,59.74,2062.24,3,5.11,67.99,month-to-month,digital_wallet,no,0
C000500,9,72.24,604.41,4,1.22,54.92,month-to-month,bank_transfer,yes,1
C000501,47,94.9,5088.31,1,10.85,65.09,month-to-month,digital_wallet,yes,0
C000502,69,54.89,3707.84,1,10.18,45.08,month-to-month,cash,yes,0
C000503,62,23.94,1641.25,5,19.68,73.06,one_year,bank_transfer,yes,0
C000504,20,22.09,401.94,1,1.33,44.83,one_year,digital_wallet,yes,0
C000505,33,38.51,1280.58,2,8.36,12.83,one_year,bank_transfer,yes,0
C000506,38,37.17,1227.44,0,24.36,61.33,month-to-month,bank_transfer,yes,0
C000507,18,66.13,1274.29,1,3.37,70.35,month-to-month,bank_transfer,yes,0
C000508,20,40.28,912.4,2,3.75,43.82,two_year,cash,no,0
C000509,17,52.43,983.08,2,0.03,78.98,month-to-month,digital_wallet,yes,0
C000510,71,50.65,3790.56,3,16.62,37.99,month-to-month,digital_wallet,yes,0
C000511,53,58.99,2768.93,5,2.95,68.41,month-to-month,card,yes,0
C000512,60,103.06,7081.56,5,35.3,89.9,month-to-month,bank_transfer,yes,0
C000513,58,86.55,4784.84,4,0.38,55.73,month-to-month,digital_wallet,yes,0
C000514,69,70.4,5051.32,4,6.51,50.47,month-to-month,cash,yes,0
C000515,8,58.47,435.94,3,0.34,52.89,one_year,cash,yes,0
C000516,63,59.17,4093.7,3,2.44,87.57,month-to-month,digital_wallet,yes,0
C000517,5,78.19,376.71,1,4.61,63.06,one_year,digital_wallet,yes,0
C000518,34,84.6,2782.2,1,5.61,97.88,one_year,card,yes,0
C000519,43,47.31,1731.9,0,1.34,60.59,month-to-month,digital_wallet,yes,0
C000520,26,70.91,1885.38,2,2.72,41.92,one_year,card,yes,0
C000521,11,19.21,195.5,5,3.98,43.33,two_year,digital_wallet,yes,0
C000522,14,75.29,1187.5,0,3.78,56.23,month-to-month,card,yes,0
C000523,59,89.05,5700.49,3,2.71,14.17,one_year,cash,yes,0
C000524,23,63.0,1645.47,0,0.51,45.5,one_year,bank_transfer,yes,0
C000525,23,115.41,2566.7,4,8.98,45.94,one_year,card,yes,0
C000526,66,47.97,3319.57,0,0.48,59.8,month-to-month,bank_transfer,yes,0
C000527,11,75.44,817.8,1,10.79,93.84,month-to-month,digital_wallet,yes,0
C000528,65,69.1,5043.38,2,20.96,56.1,month-to-month,digital_wallet,no,0
C000529,66,67.49,4219.66,1,0.9,16.55,month-to-month,digital_wallet,yes,0
C000530,43,67.14,2738.58,2,3.13,36.72,month-to-month,bank_transfer,yes,1
C000531,12,72.68,837.06,1,0.48,60.25,two_year,card,yes,0
C000532,12,91.2,1093.66,5,6.2,56.86,month-to-month,digital_wallet,yes,1
C000533,21,104.44,2448.43,2,2.76,87.49,month-to-month,cash,no,0
C000534,41,69.94,2616.03,3,8.11,74.2,month-to-month,digital_wallet,yes,0
C000535,11,90.38,1039.34,3,0.92,73.6,month-to-month,card,no,0
C000536,33,52.46,1630.27,6,1.53,50.66,one_year,digital_wallet,yes,0
C000537,9,89.15,701.89,1,7.18,76.98,two_year,card,yes,0
C000538,39,50.95,2257.49,3,0.45,37.08,month-to-month,cash,yes,0
C000539,2,97.27,211.21,1,2.02,74.37,month-to-month,card,yes,0
C000540,51,125.27,7254.89,2,3.67,49.35,month-to-month,card,no,0
C000541,4,66.95,259.78,2,2.24,26.04,two_year,card,yes,0
C000542,14,15.19,229.0,1,5.81,66.86,month-to-month,digital_wallet,yes,0
C000543,13,56.3,765.06,1,2.53,82.95,month-to-month,digital_wallet,yes,1
C000544,60,100.8,6263.75,3,2.73,46.87,month-to-month,digital_wallet,yes,0
C000545,4,83.83,289.06,1,7.46,86.26,month-to-month,card,yes,0
C000546,31,76.22,2059.32,2,15.37,21.88,month-to-month,digital_wallet,yes,1
C000547,42,95.22,3633.5,3,0.19,31.06,two_year,bank_transfer,yes,0
C000548,37,82.11,3265.66,1,8.62,52.07,month-to-month,card,no,0
C000549,49,100.44,5362.22,4,6.38,47.58,month-to-month,digital_wallet,no,0
C000550,58,92.99,5631.36,1,11.04,41.66,month-to-month,bank_transfer,yes,0
C000551,28,108.04,2745.73,2,1.02,57.67,month-to-month,bank_transfer,yes,1
C000552,59,78.97,5047.27,0,6.55,44.43,two_year,card,yes,0
C000553,23,92.63,1883.47,2,2.55,47.82,one_year,digital_wallet,yes,0
C000554,70,62.32,4878.21,2,4.08,60.57,two_year,card,yes,0
C000555,36,54.96,1910.29,2,0.97,41.65,two_year,bank_transfer,no,0
C000556,53,112.67,6378.28,2,2.5,52.88,one_year,bank_transfer,yes,0
C000557,63,75.41,4279.5,2,9.53,42.09,one_year,digital_wallet,yes,0
C000558,57,90.12,4850.75,5,8.75,30.89,month-to-month,card,yes,1
C000559,61,73.09,4452.38,3,2.68,70.27,one_year,card,yes,0
C000560,39,55.34,2155.79,4,8.88,89.16,one_year,card,no,0
C000561,4,70.27,247.13,0,7.34,76.29,one_year,bank_transfer,no,0
C000562,36,105.9,3867.66,2,3.95,61.63,month-to-month,card,yes,0
C000563,13,83.88,951.46,2,7.68,42.17,one_year,digital_wallet,yes,0
C000564,64,27.21,1963.01,1,9.65,49.26,month-to-month,card,no,0
C000565,17,64.62,1072.74,4,0.2,76.14,one_year,bank_transfer,yes,0
C000566,17,114.56,1911.88,0,3.04,9.37,month-to-month,bank_transfer,yes,0
C000567,18,64.66,1190.67,0,1.2,47.73,month-to-month,card,yes,0
C000568,46,24.99,1246.58,3,2.72,69.68,month-to-month,digital_wallet,yes,0
C000569,41,117.33,4189.17,2,3.8,32.23,one_year,digital_wallet,yes,0
C000570,68,87.06,6280.56,2,1.95,63.47,one_year,digital_wallet,yes,0
C000571,30,68.25,2299.66,1,8.33,62.54,month-to-month,bank_transfer,yes,1
C000572,21,60.71,1251.75,4,0.09,25.91,month-to-month,card,yes,0
C000573,4,97.06,331.54,2,8.64,56.74,month-to-month,card,yes,0
C000574,1,56.45,52.17,3,8.49,42.65,month-to-month,bank_transfer,yes,1
C000575,27,98.71,3017.7,2,2.91,63.32,month-to-month,digital_wallet,yes,0
C000576,66,83.55,4882.68,2,1.77,68.4,one_year,card,yes,0
C000577,38,76.12,2470.39,1,17.4,62.98,one_year,card,yes,0
C000578,64,73.64,5329.06,4,1.01,56.45,month-to-month,digital_wallet,yes,0
C000579,8,65.63,582.18,0,0.38,60.78,two_year,bank_transfer,no,0
C000580,7,96.14,664.99,2,2.2,31.48,month-to-month,cash,yes,0
C000581,60,48.37,2471.38,2,2.53,54.38,one_year,card,no,0
C000582,8,29.45,241.54,4,7.53,39.07,month-to-month,digital_wallet,no,0
C000583,4,85.36,373.89,1,1.78,75.63,one_year,digital_wallet,yes,0
C000584,29,85.78,2327.99,3,6.77,68.66,month-to-month,digital_wallet,yes,0
C000585,66,82.01,4881.01,3,0.94,68.61,month-to-month,card,yes,0
C000586,49,80.19,4406.5,0,1.35,89.27,month-to-month,card,yes,0
C000587,8,61.99,535.75,3,2.12,48.4,one_year,card,yes,0
C000588,60,89.69,5297.41,4,4.68,44.02,two_year,digital_wallet,yes,0
C000589,60,68.86,4633.68,0,4.82,47.93,one_year,card,yes,0
C000590,57,57.82,3402.8,1,4.2,22.96,one_year,card,yes,0
C000591,65,62.2,4581.84,2,3.3,24.53,month-to-month,card,yes,0
C000592,18,120.52,1911.03,2,13.57,67.42,one_year,digital_wallet,yes,0
C000593,70,26.63,1828.24,3,2.7,27.1,two_year,card,yes,0
C000594,23,82.49,1999.39,2,0.19,33.5,month-to-month,bank_transfer,yes,0
C000595,57,28.02,1553.13,3,1.57,52.97,month-to-month,digital_wallet,yes,0
C000596,42,67.29,2698.97,0,2.15,46.76,month-to-month,digital_wallet,yes,0
C000597,56,59.16,3507.15,3,0.33,72.71,month-to-month,digital_wallet,yes,0
C000598,45,17.87,829.85,1,4.8,56.21,month-to-month,bank_transfer,yes,0
C000599,46,79.73,3428.14,1,5.26,39.03,one_year,card,yes,0
C000600,44,60.5,2617.24,0,4.85,74.43,one_year,card,yes,0
C000601,56,17.52,1042.01,1,3.9,69.58,month-to-month,card,yes,0
C000602,53,90.99,5006.03,1,0.74,26.78,two_year,bank_transfer,yes,0
C000603,10,105.88,1043.83,4,4.32,60.05,two_year,card,yes,0
C000604,59,107.25,5872.33,0,1.28,40.7,one_year,bank_transfer,yes,0
C000605,39,78.97,2723.86,2,13.72,40.17,two_year,bank_transfer,yes,0
C000606,23,71.15,1803.49,1,1.43,92.39,two_year,digital_wallet,yes,0
C000607,37,103.2,4185.48,2,0.44,57.49,month-to-month,card,yes,0
C000608,69,112.06,7994.93,2,2.96,50.65,two_year,cash,yes,0
C000609,61,98.34,6127.08,1,0.96,56.7,month-to-month,digital_wallet,yes,0
C000610,60,46.46,2483.55,2,14.85,72.48,month-to-month,card,yes,0
C000611,33,75.03,2436.54,2,7.19,40.97,month-to-month,card,yes,0
C000612,56,80.99,4513.37,4,11.55,44.38,one_year,cash,yes,0
C000613,28,24.76,685.24,3,9.27,68.13,two_year,cash,yes,0
C000614,49,81.73,3695.09,2,0.59,24.67,month-to-month,card,yes,0
C000615,46,126.82,5175.54,4,3.0,74.82,one_year,card,yes,0
C000616,18,86.0,1748.3,3,0.22,22.9,month-to-month,cash,yes,0
C000617,19,106.84,2064.18,3,3.18,50.08,two_year,digital_wallet,yes,0
C000618,5,74.57,413.42,1,7.99,23.02,month-to-month,digital_wallet,yes,0
C000619,10,68.17,716.87,0,9.54,33.87,one_year,card,yes,0
C000620,31,79.53,2702.4,2,1.18,80.95,one_year,digital_wallet,no,0
C000621,34,49.6,1542.85,0,4.52,75.89,month-to-month,bank_transfer,yes,0
C000622,12,45.91,485.76,1,0.02,78.03,two_year,bank_transfer,yes,0
C000623,30,101.66,3153.91,1,2.14,26.02,two_year,digital_wallet,yes,0
C000624,43,104.31,4551.67,1,3.14,33.98,month-to-month,card,yes,0
C000625,17,45.22,675.71,1,7.09,61.8,one_year,bank_transfer,yes,0
C000626,25,94.2,2433.63,2,0.59,69.31,two_year,digital_wallet,yes,0
C000627,27,67.83,1656.54,3,3.75,39.01,month-to-month,bank_transfer,yes,0
C000628,36,78.5,2493.65,3,0.01,43.42,month-to-month,cash,yes,0
C000629,27,81.51,2520.99,1,7.12,32.37,one_year,bank_transfer,yes,0
C000630,53,94.86,5111.55,3,6.78,88.16,one_year,card,no,0
C000631,24,72.07,1641.3,0,1.46,45.5,one_year,card,yes,0
C000632,31,105.25,2869.43,1,3.99,55.63,one_year,bank_transfer,yes,0
C000633,27,77.74,2361.25,2,8.47,56.67,one_year,card,yes,0
C000634,13,85.6,1260.62,1,2.0,77.11,month-to-month,bank_transfer,yes,0
C000635,49,49.17,2233.59,2,1.35,35.95,month-to-month,card,yes,1
C000636,17,123.97,2066.35,0,2.58,78.37,month-to-month,card,yes,0
C000637,22,81.75,1876.93,1,8.73,29.43,month-to-month,card,yes,0
C000638,57,87.82,4422.05,1,13.52,78.31,one_year,bank_transfer,no,0
C000639,68,29.8,2048.55,6,21.78,20.69,two_year,card,yes,0
C000640,48,49.43,2172.48,4,0.09,52.91,month-to-month,bank_transfer,yes,0
C000641,66,100.95,6113.38,6,0.77,87.51,one_year,card,yes,0
C000642,61,77.17,4853.06,1,2.64,68.95,month-to-month,cash,yes,0
C000643,35,22.16,731.26,1,4.23,63.42,month-to-month,bank_transfer,yes,0
C000644,55,95.96,5357.37,1,1.44,34.03,two_year,digital_wallet,yes,0
C000645,24,56.41,1257.2,3,5.46,40.3,month-to-month,digital_wallet,no,0
C000646,33,105.28,3461.51,0,1.75,81.89,one_year,digital_wallet,yes,0
C000647,39,67.8,2987.25,5,3.91,64.45,month-to-month,digital_wallet,yes,0
C000648,69,75.12,5159.37,4,0.25,72.8,month-to-month,card,yes,0
C000649,61,99.47,6070.37,2,5.08,56.48,one_year,card,yes,0
C000650,35,47.56,1661.12,2,4.67,49.37,one_year,digital_wallet,yes,0
C000651,47,45.18,2350.54,2,4.28,70.33,one_year,bank_transfer,yes,0
C000652,15,65.09,1029.54,1,6.87,60.19,two_year,bank_transfer,yes,0
C000653,58,90.68,4518.81,4,1.86,51.6,one_year,digital_wallet,yes,0
C000654,40,36.73,1300.74,2,3.43,26.72,one_year,card,yes,0
C000655,38,28.3,1100.49,0,4.27,74.08,month-to-month,card,no,0
C000656,55,90.59,5371.53,3,14.59,63.8,month-to-month,bank_transfer,no,0
C000657,45,54.93,2187.66,2,5.48,42.87,one_year,bank_transfer,yes,0
C000658,6,60.19,361.47,3,6.78,78.59,one_year,digital_wallet,yes,0
C000659,21,23.58,516.34,4,2.2,59.88,month-to-month,digital_wallet,yes,0
C000660,13,53.03,668.82,6,4.48,60.27,month-to-month,card,no,1
C000661,53,69.81,3914.76,3,3.94,72.68,month-to-month,card,yes,0
C000662,3,93.26,266.57,3,9.57,68.37,month-to-month,card,yes,0
C000663,15,50.72,788.87,0,1.57,60.87,month-to-month,card,yes,0
C000664,43,111.43,5173.64,1,2.11,51.23,two_year,digital_wallet,no,0
C000665,50,52.89,3005.9,3,0.34,94.67,one_year,digital_wallet,no,0
C000666,36,52.92,1984.61,3,2.98,40.32,two_year,digital_wallet,yes,0
C000667,62,108.43,6423.56,3,20.16,69.92,one_year,bank_transfer,yes,0
C000668,66,75.29,5298.71,1,7.0,53.32,month-to-month,card,yes,0
C000669,10,56.2,613.33,1,2.74,64.09,one_year,bank_transfer,yes,0
C000670,68,66.12,4381.13,2,0.29,79.67,one_year,card,yes,0
C000671,44,103.83,4380.03,1,1.38,48.77,one_year,card,yes,0
C000672,46,106.66,4394.62,1,1.58,67.04,month-to-month,bank_transfer,yes,0
C000673,7,49.58,365.48,2,11.9,60.31,one_year,bank_transfer,yes,0
C000674,45,68.94,3050.95,1,0.11,42.17,month-to-month,card,yes,0
C000675,52,72.25,3343.43,3,3.43,80.16,month-to-month,digital_wallet,no,0
C000676,42,45.34,1939.56,1,1.0,69.22,month-to-month,bank_transfer,no,0
C000677,6,68.61,472.14,2,1.12,46.31,month-to-month,card,yes,1
C000678,38,70.13,2306.34,2,28.29,77.07,two_year,digital_wallet,no,0
C000679,67,98.51,6630.58,2,1.26,38.37,month-to-month,card,yes,0
C000680,52,100.19,5890.8,2,8.81,54.42,month-to-month,bank_transfer,yes,0
C000681,10,61.77,702.78,3,12.21,46.42,one_year,bank_transfer,yes,0
C000682,69,64.65,4249.11,3,3.99,70.03,two_year,bank_transfer,yes,0
C000683,69,86.61,5387.17,2,30.3,45.41,month-to-month,digital_wallet,no,0
C000684,13,55.37,702.7,3,2.82,70.17,month-to-month,card,yes,0
C000685,57,84.72,4565.93,4,2.02,66.89,month-to-month,card,yes,0
C000686,29,67.8,1956.0,2,1.41,47.5,one_year,bank_transfer,yes,0
C000687,43,45.77,2024.55,2,2.36,91.59,two_year,card,yes,0
C000688,32,46.08,1593.19,1,4.85,40.1,month-to-month,card,yes,0
C000689,56,106.18,6185.19,2,5.66,26.82,two_year,bank_transfer,yes,0
C000690,71,66.09,5244.25,1,2.69,72.12,one_year,card,no,0
C000691,57,111.01,6774.94,1,11.21,12.01,one_year,bank_transfer,yes,0
C000692,67,57.16,3851.08,4,0.12,84.84,month-to-month,bank_transfer,yes,0
C000693,68,77.28,4654.87,3,5.78,57.04,two_year,digital_wallet,yes,0
C000694,7,129.82,991.53,1,6.71,26.46,month-to-month,digital_wallet,yes,1
C000695,18,43.57,834.56,1,9.55,36.03,month-to-month,digital_wallet,yes,0
C000696,52,22.55,1115.2,1,6.04,22.32,month-to-month,digital_wallet,yes,0
C000697,42,102.16,3945.87,3,8.87,62.66,month-to-month,bank_transfer,yes,0
C000698,4,49.33,206.68,4,1.41,28.46,month-to-month,digital_wallet,yes,1
C000699,7,69.48,425.71,0,2.74,65.04,month-to-month,digital_wallet,no,0
C000700,37,55.35,2224.51,4,4.27,48.9,month-to-month,digital_wallet,no,1
C000701,44,76.7,3098.45,2,3.34,45.49,month-to-month,digital_wallet,yes,0
C000702,12,46.24,570.4,0,1.07,65.19,one_year,cash,yes,0
C000703,13,65.5,801.34,3,4.46,67.47,one_year,bank_transfer,yes,0
C000704,10,81.25,806.91,4,19.75,77.92,one_year,cash,yes,0
C000705,41,44.79,2002.11,4,4.01,42.32,month-to-month,bank_transfer,yes,0
C000706,1,52.5,49.14,1,1.08,54.4,month-to-month,card,yes,0
C000707,41,61.32,2161.8,0,2.35,42.29,one_year,card,yes,0
C000708,34,34.28,1017.74,3,3.31,58.26,one_year,bank_transfer,yes,0
C000709,34,59.44,1762.85,2,0.57,39.43,month-to-month,card,yes,0
C000710,49,72.97,3531.57,5,1.22,46.52,two_year,card,yes,0
C000711,38,60.01,1995.34,1,9.05,46.62,one_year,card,yes,0
C000712,52,63.22,3201.09,4,1.59,60.87,two_year,bank_transfer,yes,0
C000713,55,69.5,4049.53,3,20.88,55.06,one_year,card,no,0
C000714,66,53.61,3941.22,1,4.75,65.13,month-to-month,bank_transfer,yes,0
C000715,57,87.28,4559.02,2,9.33,52.86,two_year,digital_wallet,yes,0
C000716,37,105.9,4361.05,1,3.33,43.4,two_year,digital_wallet,yes,0
C000717,35,58.39,2336.78,3,23.67,58.83,one_year,digital_wallet,yes,0
C000718,17,82.13,1448.86,3,1.27,36.66,two_year,card,yes,1
C000719,43,64.01,2948.29,0,1.5,66.38,two_year,cash,no,0
C000720,10,79.14,787.34,4,3.05,49.29,one_year,digital_wallet,no,0
C000721,67,109.14,6379.98,1,0.87,59.09,month-to-month,card,no,0
C000722,60,82.72,5647.79,1,2.07,59.4,month-to-month,card,yes,0
C000723,9,25.66,261.84,1,1.56,87.03,one_year,bank_transfer,yes,0
C000724,56,81.35,4313.38,3,3.6,62.63,one_year,digital_wallet,yes,0
C000725,9,100.82,824.57,3,1.0,56.46,month-to-month,digital_wallet,no,0
C000726,52,64.46,2914.99,1,3.97,41.15,month-to-month,digital_wallet,yes,0
C000727,7,94.89,663.8,5,1.78,71.05,two_year,cash,yes,0
C000728,35,52.75,2081.4,2,0.45,49.6,month-to-month,digital_wallet,no,0
C000729,47,32.86,1331.79,2,3.51,24.49,month-to-month,card,yes,0
C000730,52,73.53,3951.47,1,6.43,51.1,one_year,card,yes,0
C000731,30,26.09,861.43,3,7.54,58.83,month-to-month,card,yes,0
C000732,66,64.01,4071.92,2,2.11,38.63,month-to-month,card,yes,0
C000733,55,102.17,5808.18,1,5.65,52.64,one_year,card,yes,0
C000734,15,22.26,328.21,1,1.01,53.57,two_year,bank_transfer,yes,0
C000735,48,38.01,1586.71,2,2.1,53.88,month-to-month,digital_wallet,yes,0
C000736,52,44.2,2301.43,3,2.82,79.69,month-to-month,card,no,0
C000737,24,68.42,1439.58,3,4.97,28.77,month-to-month,digital_wallet,yes,0
C000738,53,60.86,3404.41,0,10.92,95.68,one_year,cash,yes,0
C000739,64,104.98,6335.85,2,8.06,54.34,month-to-month,card,no,0
C000740,59,93.86,6040.21,1,6.26,66.6,month-to-month,card,yes,0
C000741,55,82.38,4649.31,1,7.08,57.56,one_year,bank_transfer,yes,0
C000742,46,73.64,3829.57,5,7.32,20.48,two_year,digital_wallet,no,0
C000743,20,79.83,1710.49,0,1.01,33.87,month-to-month,digital_wallet,yes,0
C000744,57,48.45,2947.97,1,8.01,44.51,one_year,card,yes,0
C000745,26,91.43,2237.85,3,2.08,74.87,one_year,digital_wallet,yes,0
C000746,38,42.2,1575.62,1,0.61,27.31,month-to-month,digital_wallet,yes,0
C000747,23,90.88,2244.34,1,5.59,37.89,one_year,card,yes,0
C000748,23,99.65,2444.69,3,4.98,58.3,month-to-month,digital_wallet,yes,0
C000749,12,75.27,955.37,3,10.83,64.46,month-to-month,bank_transfer,yes,0
C000750,69,65.59,3857.92,1,3.06,63.85,month-to-month,card,yes,0
C000751,11,80.01,752.65,1,1.76,35.32,month-to-month,cash,yes,0
C000752,7,15.0,91.38,2,9.89,23.04,one_year,card,yes,0
C000753,67,77.56,4466.08,2,0.54,65.78,one_year,digital_wallet,yes,0
C000754,40,67.17,2906.56,2,0.95,83.66,one_year,digital_wallet,yes,0
C000755,32,68.73,2230.44,3,4.02,48.09,one_year,card,yes,0
C000756,53,87.66,4652.98,0,0.02,32.11,month-to-month,digital_wallet,yes,0
C000757,28,68.13,1670.5,0,3.12,46.4,two_year,card,no,0
C000758,10,41.49,449.13,3,5.62,62.88,two_year,card,yes,1
C000759,52,66.46,3034.02,3,2.08,50.34,month-to-month,card,yes,0
C000760,13,71.69,854.18,2,8.68,83.14,one_year,digital_wallet,yes,0
C000761,40,72.87,3193.81,3,0.52,73.5,one_year,cash,yes,0
C000762,68,74.05,5326.17,1,1.83,58.69,month-to-month,card,yes,0
C000763,67,95.98,5644.98,2,3.2,15.91,month-to-month,bank_transfer,yes,0
C000764,26,42.85,971.66,2,5.94,41.15,month-to-month,cash,no,0
C000765,56,74.39,4049.12,3,0.55,44.04,two_year,digital_wallet,no,0
C000766,44,102.25,4638.47,3,10.42,40.07,one_year,card,yes,0
C000767,35,26.63,861.39,1,2.57,58.82,one_year,card,yes,0
C000768,10,74.49,763.95,1,13.9,59.23,two_year,bank_transfer,yes,0
C000769,27,55.37,1431.82,3,3.05,21.52,month-to-month,card,yes,0
C000770,47,60.73,2930.31,3,4.91,71.09,two_year,bank_transfer,yes,0
C000771,71,47.38,3591.55,1,7.73,55.32,month-to-month,digital_wallet,yes,0
C000772,1,65.76,72.53,5,1.56,62.15,one_year,digital_wallet,yes,0
C000773,51,116.03,5377.64,1,5.27,69.9,month-to-month,card,yes,0
C000774,61,38.39,2050.28,3,4.1,39.66,month-to-month,digital_wallet,yes,0
C000775,68,40.76,2454.35,5,0.49,80.18,month-to-month,bank_transfer,yes,0
C000776,31,37.45,1044.45,1,8.4,52.16,month-to-month,digital_wallet,yes,0
C000777,9,113.19,964.99,4,0.25,85.25,month-to-month,card,yes,0
C000778,20,58.44,1003.55,4,8.72,37.12,month-to-month,bank_transfer,yes,0
C000779,61,69.36,4652.98,2,1.36,83.76,one_year,card,yes,0
C000780,63,59.93,4170.99,2,6.93,36.92,two_year,card,yes,0
C000781,46,46.39,2270.37,0,5.43,100.0,month-to-month,digital_wallet,no,0
C000782,9,64.12,552.24,5,13.74,35.96,month-to-month,bank_transfer,yes,1
C000783,9,131.46,1256.49,2,4.01,76.13,one_year,card,no,0
C000784,34,104.8,3643.01,1,8.0,47.75,one_year,bank_transfer,yes,0
C000785,42,48.68,2143.99,2,6.36,69.3,one_year,digital_wallet,yes,0
C000786,3,86.19,226.6,2,1.0,54.19,two_year,digital_wallet,yes,0
C000787,49,49.21,2682.46,2,4.86,33.18,month-to-month,digital_wallet,yes,0
C000788,39,25.59,952.73,2,2.67,0.0,month-to-month,digital_wallet,yes,0
C000789,1,95.49,88.88,0,3.6,100.0,two_year,digital_wallet,yes,0
C000790,7,99.0,670.32,6,1.35,56.46,one_year,card,yes,1
C000791,33,96.15,2932.45,3,0.34,0.0,one_year,digital_wallet,yes,0
C000792,52,58.25,3478.25,2,1.8,61.05,two_year,card,yes,0
C000793,59,65.83,4054.38,3,5.82,68.79,month-to-month,digital_wallet,yes,0
C000794,31,88.74,3078.23,1,0.77,40.7,month-to-month,cash,no,0
C000795,21,79.79,1902.25,2,1.22,40.83,month-to-month,card,yes,1
C000796,69,60.16,4252.14,1,12.85,54.6,one_year,card,yes,0
C000797,33,29.52,1062.1,2,24.4,79.05,two_year,card,no,0
C000798,23,72.85,1879.19,3,2.17,57.0,month-to-month,cash,yes,0
C000799,32,96.98,2777.38,2,1.12,84.26,month-to-month,bank_transfer,yes,0
C000800,1,40.06,37.29,4,1.48,77.62,one_year,digital_wallet,yes,0
C000801,22,85.97,1835.49,2,6.93,50.42,month-to-month,card,yes,1
C000802,37,78.29,3003.43,0,0.11,23.59,two_year,card,yes,0
C000803,66,88.75,6329.23,0,6.03,50.47,month-to-month,card,yes,0
C000804,53,91.8,4639.13,1,4.71,65.53,two_year,digital_wallet,yes,0
C000805,56,52.64,3250.8,2,0.35,56.2,one_year,card,yes,0
C000806,39,29.58,1206.88,2,13.23,67.69,month-to-month,cash,yes,0
C000807,8,56.66,435.89,2,3.02,72.27,one_year,digital_wallet,yes,1
C000808,28,92.23,2722.39,3,1.91,65.62,one_year,cash,yes,0
C000809,71,56.45,4431.22,2,1.77,49.49,month-to-month,bank_transfer,no,0
C000810,4,52.65,200.23,0,4.82,65.4,month-to-month,bank_transfer,yes,0
C000811,63,24.47,1489.11,3,16.07,99.71,one_year,card,yes,0
C000812,49,113.82,5897.95,1,6.04,25.2,one_year,bank_transfer,yes,0
C000813,21,90.64,1863.42,3,2.5,64.75,one_year,bank_transfer,yes,1
C000814,56,89.25,4514.56,1,4.66,91.64,month-to-month,card,yes,0
C000815,60,94.19,6252.07,3,1.25,31.51,one_year,cash,no,0
C000816,4,84.42,307.44,0,12.08,75.02,one_year,card,yes,0
C000817,8,63.89,472.24,1,23.11,77.69,month-to-month,card,yes,1
C000818,48,65.91,3512.56,1,4.13,25.46,month-to-month,bank_transfer,yes,0
C000819,71,59.31,4390.41,0,1.65,69.25,month-to-month,bank_transfer,yes,0
C000820,2,135.87,266.16,2,0.91,49.57,one_year,card,yes,0
C000821,48,83.9,3884.3,4,25.49,53.79,month-to-month,cash,yes,0
C000822,10,58.4,528.55,5,11.35,48.5,two_year,card,yes,1
C000823,47,81.64,3339.59,3,13.08,81.25,month-to-month,bank_transfer,no,0
C000824,45,44.73,2259.99,1,0.04,52.76,two_year,card,yes,0
C000825,7,107.61,650.4,2,3.94,45.73,month-to-month,card,yes,1
C000826,49,53.47,2275.65,3,5.72,46.07,one_year,bank_transfer,yes,0
C000827,64,82.53,5681.2,6,11.8,48.18,one_year,digital_wallet,yes,0
C000828,62,96.65,6700.09,0,8.96,33.41,one_year,bank_transfer,yes,0
C000829,3,79.62,253.89,2,1.14,45.56,two_year,card,yes,0
C000830,18,72.36,1201.73,2,7.48,57.35,month-to-month,card,yes,0
C000831,18,70.27,1177.83,0,3.36,63.09,month-to-month,cash,yes,0
C000832,33,68.59,2576.73,2,12.69,79.08,month-to-month,card,no,0
C000833,11,55.58,648.11,3,1.27,59.82,month-to-month,bank_transfer,yes,0
C000834,61,58.76,3937.05,0,9.14,45.51,one_year,card,yes,0
C000835,56,106.99,5895.03,2,0.13,34.78,month-to-month,card,yes,0
C000836,58,67.29,4226.37,4,5.69,60.89,one_year,card,no,0
C000837,15,50.36,864.27,1,24.02,52.65,month-to-month,card,yes,1
C000838,2,57.09,109.28,3,12.5,53.31,two_year,bank_transfer,yes,0
C000839,65,97.51,5996.84,2,0.03,60.25,month-to-month,card,yes,0
C000840,21,86.89,1574.5,1,16.6,65.39,two_year,digital_wallet,yes,1
C000841,47,84.01,4229.14,2,4.88,60.39,one_year,card,yes,0
C000842,65,63.56,3810.1,0,0.97,51.59,two_year,bank_transfer,yes,0
C000843,3,84.33,234.32,3,1.3,38.97,one_year,bank_transfer,yes,0
C000844,1,53.91,56.05,3,4.19,42.74,month-to-month,card,yes,0
C000845,1,63.51,68.06,2,1.38,71.97,one_year,card,yes,0
C000846,12,94.25,1099.55,2,11.95,46.53,month-to-month,card,no,0
C000847,4,91.86,416.43,3,6.45,28.08,month-to-month,card,yes,0
C000848,59,45.45,2409.53,1,14.0,78.19,month-to-month,card,yes,0
C000849,44,48.61,2156.47,1,5.03,36.15,two_year,card,yes,0
C000850,70,72.72,5269.4,2,7.22,55.7,one_year,card,yes,0
C000851,57,113.15,6676.86,2,1.73,64.82,month-to-month,bank_transfer,yes,0
C000852,69,22.11,1597.44,1,1.81,55.06,two_year,bank_transfer,yes,0
C000853,17,76.96,1360.84,2,1.87,5.44,month-to-month,card,no,1
C000854,21,35.6,813.0,2,0.86,62.81,month-to-month,bank_transfer,yes,0
C000855,61,54.14,3613.84,2,0.87,81.53,month-to-month,card,no,0
C000856,18,60.89,1252.99,1,6.45,70.73,month-to-month,cash,yes,0
C000857,5,59.49,336.67,1,0.83,12.52,one_year,card,yes,0
C000858,48,56.66,2735.7,2,1.65,97.54,month-to-month,card,yes,0
C000859,57,70.18,4247.42,3,5.62,28.48,month-to-month,digital_wallet,yes,0
C000860,69,56.62,3792.33,3,0.59,33.43,month-to-month,card,yes,0
C000861,66,33.44,2306.69,1,2.63,70.64,two_year,card,yes,0
C000862,9,89.5,686.45,2,0.29,64.06,one_year,digital_wallet,yes,0
C000863,55,88.82,4691.15,0,4.55,56.61,month-to-month,bank_transfer,yes,0
C000864,61,91.08,6246.77,5,0.19,43.61,one_year,bank_transfer,yes,0
C000865,50,31.48,1656.72,3,0.0,81.62,month-to-month,card,yes,0
C000866,59,77.47,3908.96,0,4.45,54.21,two_year,card,no,0
C000867,60,86.9,5249.45,2,8.48,23.68,month-to-month,card,no,1
C000868,32,44.22,1358.11,3,0.38,79.65,month-to-month,digital_wallet,no,0
C000869,3,70.23,230.2,0,7.22,59.39,month-to-month,card,yes,1
C000870,33,67.09,1958.25,2,6.25,77.3,month-to-month,bank_transfer,yes,0
C000871,15,116.05,1795.15,1,1.36,66.45,month-to-month,cash,yes,0
C000872,9,118.11,1130.64,0,2.03,100.0,one_year,cash,yes,0
C000873,9,28.39,262.84,2,8.77,48.8,month-to-month,card,yes,0
C000874,50,132.35,6169.61,2,20.92,55.32,month-to-month,bank_transfer,yes,0
C000875,36,47.12,1845.5,0,7.18,69.4,one_year,digital_wallet,no,0
C000876,39,94.52,4010.83,0,4.9,48.92,one_year,digital_wallet,yes,0
C000877,53,94.26,4787.47,0,9.8,71.05,two_year,cash,yes,0
C000878,39,45.11,1636.06,2,4.63,0.0,month-to-month,digital_wallet,no,1
C000879,45,82.33,3887.09,2,1.93,53.54,two_year,digital_wallet,yes,0
C000880,7,67.31,452.5,0,5.81,52.94,one_year,card,yes,0
C000881,61,83.86,4878.03,1,8.58,52.22,one_year,bank_transfer,yes,0
C000882,32,75.77,2388.58,1,0.11,37.46,month-to-month,bank_transfer,yes,0
C000883,12,99.91,1183.83,4,7.55,73.12,month-to-month,digital_wallet,yes,0
C000884,58,71.88,4581.62,3,9.67,44.91,month-to-month,bank_transfer,yes,0
C000885,53,65.8,3961.34,1,5.32,59.01,one_year,bank_transfer,yes,0
C000886,4,97.4,414.56,2,11.1,54.26,one_year,bank_transfer,yes,0
C000887,14,84.51,1036.99,2,9.58,65.01,month-to-month,cash,yes,0
C000888,2,88.3,168.0,3,6.32,83.62,month-to-month,card,yes,0
C000889,20,53.39,968.29,1,2.37,58.9,two_year,digital_wallet,no,0
C000890,8,43.87,368.14,3,0.1,71.83,month-to-month,bank_transfer,yes,0
C000891,51,55.81,2929.95,4,7.85,57.9,one_year,bank_transfer,yes,0
C000892,38,54.48,2369.86,2,1.3,44.88,two_year,bank_transfer,no,0
C000893,70,89.65,6177.37,1,6.17,52.17,month-to-month,bank_transfer,yes,0
C000894,54,94.4,4494.22,1,10.05,49.33,one_year,digital_wallet,yes,0
C000895,44,66.12,2995.24,1,2.56,66.36,one_year,card,yes,0
C000896,37,105.77,3757.38,0,0.74,57.13,month-to-month,cash,no,1
C000897,4,104.21,376.58,2,1.92,39.11,month-to-month,digital_wallet,yes,0
C000898,5,76.08,365.7,4,6.29,50.56,two_year,card,yes,0
C000899,44,49.45,2005.01,0,1.72,24.48,month-to-month,card,yes,0
C000900,1,109.38,99.45,4,0.7,51.31,month-to-month,card,yes,0
C000901,4,68.47,272.55,3,1.36,55.03,month-to-month,card,yes,1
C000902,16,73.15,1279.32,1,8.06,91.17,one_year,card,yes,0
C000903,63,61.51,4323.47,3,1.96,81.97,month-to-month,card,yes,0
C000904,33,47.76,1462.61,2,3.03,34.32,month-to-month,cash,yes,0
C000905,51,33.28,1671.21,5,1.77,59.04,month-to-month,digital_wallet,yes,0
C000906,30,85.82,2839.5,3,6.21,59.39,month-to-month,digital_wallet,yes,0
C000907,13,50.41,751.48,1,5.91,50.39,one_year,bank_transfer,yes,0
C000908,27,146.49,4370.4,1,0.81,51.67,two_year,bank_transfer,yes,0
C000909,7,42.85,299.4,2,1.59,47.92,month-to-month,digital_wallet,yes,0
C000910,55,38.57,2356.63,0,0.08,92.45,one_year,card,no,0
C000911,14,82.75,1230.36,8,4.84,46.68,one_year,digital_wallet,yes,0
C000912,27,108.23,2583.46,5,9.77,61.82,one_year,digital_wallet,yes,0
C000913,70,71.61,4387.62,6,8.38,4.42,one_year,cash,yes,0
C000914,43,84.31,4099.62,1,4.83,71.47,month-to-month,bank_transfer,yes,0
C000915,33,23.91,889.55,1,4.49,78.69,one_year,digital_wallet,yes,0
C000916,39,53.06,2043.58,2,20.44,33.96,one_year,bank_transfer,no,0
C000917,56,43.16,2534.27,2,0.43,44.76,one_year,card,yes,0
C000918,19,22.62,404.68,1,1.52,64.03,month-to-month,card,yes,0
C000919,46,72.92,3557.21,1,7.93,55.39,month-to-month,bank_transfer,yes,0
C000920,62,15.0,914.99,4,7.09,64.33,month-to-month,card,yes,0
C000921,41,36.95,1445.9,3,3.92,49.26,month-to-month,card,yes,0
C000922,32,56.57,1777.99,1,2.12,92.27,month-to-month,card,no,1
C000923,11,49.22,534.18,1,5.36,41.61,month-to-month,digital_wallet,yes,0
C000924,18,79.91,1629.44,3,6.17,100.0,month-to-month,digital_wallet,yes,0
C000925,68,77.64,5889.24,1,2.08,79.84,month-to-month,digital_wallet,no,0
C000926,39,92.34,3271.31,2,5.87,71.64,two_year,bank_transfer,yes,0
C000927,22,88.81,1823.96,1,4.06,34.19,month-to-month,cash,yes,0
C000928,30,98.52,2777.72,2,4.66,73.19,month-to-month,bank_transfer,yes,0
C000929,42,69.95,2507.49,2,2.49,67.08,one_year,bank_transfer,yes,0
C000930,39,77.59,3053.5,1,7.0,12.61,month-to-month,bank_transfer,yes,0
C000931,50,82.79,4117.9,3,4.31,26.91,month-to-month,card,no,0
C000932,19,73.54,1239.93,4,1.05,62.15,month-to-month,bank_transfer,no,0
C000933,47,60.07,3238.52,1,3.13,52.33,month-to-month,bank_transfer,yes,0
C000934,32,61.69,2128.78,0,2.13,44.67,one_year,cash,no,0
C000935,67,49.56,3004.89,2,0.0,76.58,month-to-month,card,yes,0
C000936,12,80.54,1026.02,3,7.28,37.32,month-to-month,card,yes,1
C000937,11,67.65,708.57,1,1.51,45.9,month-to-month,card,yes,0
C000938,33,53.42,1833.14,1,1.99,42.06,month-to-month,card,yes,0
C000939,37,53.44,1959.92,1,0.68,65.2,one_year,cash,yes,0
C000940,50,39.74,1771.72,2,2.22,20.61,month-to-month,bank_transfer,yes,0
C000941,29,94.47,2706.86,2,3.37,45.05,month-to-month,card,no,1
C000942,65,71.97,5325.65,3,4.55,20.54,month-to-month,bank_transfer,yes,0
C000943,34,48.43,1769.19,2,4.57,48.74,one_year,bank_transfer,yes,0
C000944,10,90.21,936.4,2,5.25,69.46,month-to-month,card,yes,0
C000945,9,55.99,555.83,1,1.02,69.82,one_year,card,yes,0
C000946,70,34.84,2679.11,4,5.39,40.45,month-to-month,card,yes,0
C000947,10,95.53,1066.56,2,7.11,65.67,two_year,bank_transfer,yes,0
C000948,68,56.57,3395.53,3,1.97,51.3,month-to-month,digital_wallet,yes,0
C000949,20,59.78,1062.65,2,2.62,82.22,one_year,card,yes,0
C000950,7,71.03,541.79,4,9.34,52.4,month-to-month,bank_transfer,yes,1
C000951,22,98.56,2490.66,2,6.69,0.0,month-to-month,digital_wallet,yes,1
C000952,44,70.5,3160.24,0,20.57,72.89,one_year,card,yes,0
C000953,31,40.02,1413.49,0,7.42,45.82,two_year,bank_transfer,yes,0
C000954,56,83.6,4910.09,3,0.08,49.52,one_year,card,yes,0
C000955,44,57.88,2229.71,2,0.81,61.72,month-to-month,card,no,0
C000956,29,117.2,3833.36,2,6.79,26.51,month-to-month,bank_transfer,yes,0
C000957,46,69.97,3546.26,3,0.45,56.49,month-to-month,card,yes,1
C000958,69,15.0,1046.13,1,0.67,65.69,one_year,bank_transfer,yes,0
C000959,30,78.93,2541.3,2,2.03,62.28,month-to-month,digital_wallet,no,0
C000960,11,118.61,1246.66,3,5.66,43.02,month-to-month,card,yes,0
C000961,30,109.4,3395.94,3,6.48,74.84,month-to-month,cash,yes,0
C000962,60,115.77,6765.63,3,2.19,35.05,two_year,card,yes,0
C000963,16,44.51,717.89,1,2.14,42.49,month-to-month,bank_transfer,yes,0
C000964,68,92.8,6569.18,0,0.11,52.28,month-to-month,bank_transfer,yes,0
C000965,42,51.95,1889.88,4,7.75,60.91,month-to-month,bank_transfer,no,0
C000966,43,75.61,2857.1,4,0.55,48.51,month-to-month,cash,yes,0
C000967,23,38.18,768.05,1,4.5,79.57,month-to-month,card,yes,0
C000968,66,53.89,3657.94,2,1.93,60.91,one_year,card,yes,0
C000969,3,53.09,155.12,1,9.38,56.51,month-to-month,bank_transfer,yes,0
C000970,22,92.46,2034.24,5,1.17,60.2,month-to-month,bank_transfer,yes,1
C000971,30,90.02,2700.77,2,8.35,69.66,month-to-month,digital_wallet,yes,0
C000972,34,76.92,2254.76,0,1.63,59.82,month-to-month,digital_wallet,yes,0
C000973,34,36.24,1341.58,0,9.18,18.81,one_year,card,yes,0
C000974,11,62.21,725.5,1,2.8,76.79,month-to-month,digital_wallet,yes,0
C000975,17,51.35,922.11,2,2.05,57.39,one_year,digital_wallet,yes,0
C000976,7,91.74,552.46,3,0.08,68.7,month-to-month,bank_transfer,yes,0
C000977,41,99.45,4263.23,5,1.59,46.88,month-to-month,card,yes,0
C000978,25,96.41,2410.57,3,0.54,18.47,month-to-month,cash,yes,0
C000979,41,51.12,2259.74,4,5.49,9.42,month-to-month,digital_wallet,yes,0
C000980,42,15.0,553.81,0,4.92,36.11,month-to-month,card,yes,0
C000981,50,25.83,1386.87,2,2.93,65.35,month-to-month,card,no,0
C000982,39,105.54,4686.19,2,1.25,80.96,one_year,digital_wallet,yes,0
C000983,47,59.97,3115.3,3,1.06,61.04,month-to-month,cash,yes,0
C000984,42,51.23,2406.18,0,21.43,33.96,month-to-month,bank_transfer,yes,0
C000985,47,111.07,4555.81,1,8.48,39.32,month-to-month,digital_wallet,yes,0
C000986,44,101.63,4511.44,2,6.45,82.22,month-to-month,card,no,0
C000987,23,70.61,1500.63,1,1.75,28.78,month-to-month,card,yes,0
C000988,18,62.66,1143.17,2,1.56,97.04,one_year,digital_wallet,no,0
C000989,56,66.7,3966.54,7,2.25,92.52,one_year,card,yes,0
C000990,25,75.68,2032.07,5,13.81,97.69,one_year,card,no,0
C000991,39,110.0,4922.74,2,4.03,62.61,month-to-month,digital_wallet,yes,1
C000992,14,80.56,1282.71,2,1.89,48.17,month-to-month,card,no,0
C000993,31,88.15,2525.39,3,0.28,62.13,one_year,card,no,0
C000994,38,99.23,4240.97,0,8.05,73.17,month-to-month,card,yes,1
C000995,45,40.76,2045.41,2,5.75,41.98,one_year,card,yes,0
C000996,38,88.87,3603.49,2,5.14,32.98,one_year,card,yes,0
C000997,26,62.64,1510.13,0,2.35,49.32,month-to-month,card,yes,0
C000998,69,15.0,938.2,1,2.51,39.55,month-to-month,cash,yes,0
C000999,37,16.8,609.44,0,3.06,79.82,one_year,bank_transfer,yes,0
C001000,58,44.55,2226.44,2,9.04,42.67,month-to-month,digital_wallet,yes,0
C001001,53,83.28,4127.74,3,0.13,56.91,month-to-month,card,yes,0
C001002,40,72.84,2540.88,1,0.87,74.66,month-to-month,card,yes,0
C001003,63,74.61,4734.94,2,10.01,80.6,month-to-month,digital_wallet,yes,0
C001004,10,118.77,1229.26,3,1.89,59.17,one_year,bank_transfer,yes,0
C001005,66,38.27,2231.45,4,1.41,62.69,month-to-month,digital_wallet,yes,0
C001006,61,69.31,4702.48,4,3.34,34.66,two_year,card,yes,0
C001007,36,77.61,2456.03,2,0.37,75.46,two_year,bank_transfer,yes,0
C001008,53,51.59,2649.3,1,3.17,80.27,two_year,bank_transfer,yes,0
C001009,37,70.71,2616.97,6,3.95,17.59,month-to-month,card,yes,0
C001010,20,30.0,614.81,3,3.56,90.26,month-to-month,digital_wallet,yes,0
C001011,57,105.25,5673.55,2,1.42,40.99,two_year,card,yes,0
C001012,18,52.96,1014.21,3,4.19,66.89,one_year,bank_transfer,no,0
C001013,23,120.79,2645.84,3,8.69,56.55,month-to-month,card,yes,1
C001014,37,69.19,2370.03,1,13.23,53.79,two_year,bank_transfer,yes,0
C001015,60,95.7,5661.42,3,0.02,50.87,one_year,digital_wallet,no,0
C001016,28,68.67,1699.71,2,4.88,35.15,one_year,bank_transfer,no,0
C001017,36,69.23,2840.88,1,8.24,65.48,two_year,cash,yes,0
C001018,3,55.4,168.7,1,0.43,49.28,two_year,card,yes,0
C001019,9,72.98,586.67,4,6.18,28.81,month-to-month,digital_wallet,yes,1
C001020,4,77.95,339.49,0,10.7,34.3,month-to-month,digital_wallet,yes,0
C001021,6,50.39,322.35,1,1.35,29.15,one_year,cash,yes,0
C001022,62,66.87,4059.74,3,6.52,44.51,one_year,digital_wallet,yes,0
C001023,60,54.75,3761.52,2,17.17,64.7,one_year,bank_transfer,yes,0
C001024,59,127.49,7523.39,0,1.86,40.78,month-to-month,bank_transfer,yes,0
C001025,4,67.76,247.67,1,0.37,74.51,one_year,digital_wallet,no,0
C001026,6,108.63,708.74,1,3.32,52.62,month-to-month,digital_wallet,yes,0
C001027,20,65.11,1469.68,0,7.94,49.21,two_year,bank_transfer,no,1
C001028,41,76.48,2912.23,3,0.52,55.34,two_year,digital_wallet,yes,0
C001029,24,36.97,755.89,2,7.64,82.9,month-to-month,bank_transfer,no,0
C001030,35,58.82,2126.31,1,16.23,27.57,one_year,card,yes,0
C001031,13,75.26,1046.75,5,21.63,88.13,one_year,card,yes,1
C001032,52,109.65,5292.74,3,11.14,74.2,month-to-month,digital_wallet,yes,0
C001033,23,75.55,1979.34,1,8.87,54.57,month-to-month,digital_wallet,yes,0
C001034,5,104.59,470.82,1,0.91,78.66,one_year,digital_wallet,yes,0
C001035,53,86.02,4970.86,2,5.67,48.55,one_year,bank_transfer,yes,0
C001036,65,110.69,8006.74,1,1.07,60.71,month-to-month,card,yes,0
C001037,2,68.52,123.52,3,4.94,44.17,two_year,card,no,0
C001038,32,129.76,4153.85,3,1.58,74.33,two_year,card,yes,0
C001039,59,57.87,2930.66,3,1.12,40.85,one_year,card,yes,0
C001040,51,50.84,2703.13,0,18.09,53.97,two_year,bank_transfer,no,0
C001041,61,39.75,2458.48,0,4.43,68.58,month-to-month,digital_wallet,yes,0
C001042,30,128.28,4169.53,4,4.05,75.96,two_year,cash,yes,0
C001043,27,90.49,2444.06,2,5.27,38.58,two_year,card,yes,0
C001044,51,61.65,3006.18,1,7.23,70.06,one_year,digital_wallet,yes,0
C001045,11,101.23,992.11,5,1.45,35.36,month-to-month,bank_transfer,yes,0
C001046,17,87.19,1282.64,3,6.25,11.99,month-to-month,card,yes,0
C001047,43,119.15,5167.9,1,9.77,40.04,month-to-month,digital_wallet,no,0
C001048,48,31.3,1691.43,4,1.28,71.69,one_year,cash,yes,0
C001049,9,63.37,615.8,0,6.41,54.76,month-to-month,card,yes,0
C001050,37,58.44,2092.84,1,2.94,44.3,one_year,bank_transfer,yes,0
C001051,26,20.66,615.05,2,3.62,56.11,one_year,card,no,0
C001052,36,96.51,3144.93,2,1.86,55.45,month-to-month,card,yes,0
C001053,69,63.24,5015.0,4,2.1,67.44,month-to-month,card,yes,0
C001054,6,88.49,487.96,3,1.29,22.77,one_year,card,yes,0
C001055,71,128.99,8247.0,1,0.93,52.95,month-to-month,digital_wallet,yes,0
C001056,32,61.17,2167.83,2,6.05,57.49,two_year,card,yes,0
C001057,55,59.47,3240.35,5,3.38,27.69,two_year,digital_wallet,yes,0
C001058,31,72.97,2527.88,4,0.28,27.42,month-to-month,digital_wallet,yes,0
C001059,23,94.68,2339.71,1,2.23,47.71,one_year,digital_wallet,yes,0
C001060,55,55.83,2754.54,4,4.6,55.17,two_year,card,yes,0
C001061,49,54.23,2355.7,1,2.03,55.24,two_year,card,yes,0
C001062,11,96.43,1043.79,0,14.41,43.87,one_year,bank_transfer,yes,1
C001063,51,79.47,4127.59,3,8.22,43.05,two_year,card,no,0
C001064,54,18.88,996.13,3,11.14,47.1,month-to-month,card,yes,0
C001065,28,39.37,1006.99,1,6.92,60.97,month-to-month,bank_transfer,yes,0
C001066,66,107.53,6495.63,0,3.46,79.89,one_year,bank_transfer,yes,0
C001067,46,80.05,3693.16,2,4.99,10.59,one_year,card,yes,0
C001068,24,50.95,1044.53,2,5.27,67.46,two_year,card,yes,0
C001069,1,65.74,64.54,1,2.56,52.78,month-to-month,digital_wallet,yes,0
C001070,48,70.33,2903.15,3,1.88,65.51,month-to-month,cash,no,0
C001071,15,88.39,1474.32,2,1.31,78.71,one_year,bank_transfer,yes,0
C001072,54,36.04,2016.48,2,9.14,39.9,two_year,bank_transfer,yes,0
C001073,38,48.98,1671.37,4,2.26,73.89,one_year,digital_wallet,yes,0
C001074,34,76.82,2822.46,2,1.95,29.92,month-to-month,card,yes,1
C001075,12,67.5,808.26,3,5.18,57.55,two_year,digital_wallet,yes,0
C001076,51,84.3,4312.93,0,0.75,50.15,one_year,card,no,0
C001077,12,39.26,436.68,0,2.13,55.93,two_year,digital_wallet,no,0
C001078,30,78.93,2292.38,2,4.8,35.22,two_year,card,no,0
C001079,60,97.29,6499.6,3,9.93,63.74,month-to-month,digital_wallet,yes,0
C001080,66,82.17,4849.25,2,0.04,86.73,two_year,digital_wallet,yes,0
C001081,71,73.48,5410.53,1,7.15,35.56,month-to-month,digital_wallet,yes,0
C001082,69,67.6,4268.44,0,1.54,58.79,two_year,bank_transfer,yes,0
C001083,40,49.13,1932.61,2,9.99,72.12,month-to-month,bank_transfer,yes,1
C001084,15,68.2,1033.13,3,1.23,49.07,one_year,bank_transfer,yes,0
C001085,60,101.49,5398.62,0,5.5,82.21,month-to-month,digital_wallet,yes,0
C001086,57,67.02,3337.31,3,5.86,46.41,month-to-month,bank_transfer,no,0
C001087,71,47.75,3374.38,4,5.68,52.67,two_year,bank_transfer,yes,0
C001088,47,57.69,2637.86,0,5.32,35.14,month-to-month,digital_wallet,no,1
C001089,11,75.02,929.46,1,7.15,57.53,month-to-month,card,yes,0
C001090,36,60.66,2313.55,3,7.84,55.06,two_year,digital_wallet,no,0
C001091,32,82.13,2941.12,5,5.91,67.72,month-to-month,card,yes,0
C001092,60,83.07,5624.7,3,3.96,42.28,one_year,digital_wallet,yes,0
C001093,28,92.22,2209.71,2,2.3,41.36,two_year,card,yes,0
C001094,24,105.59,2822.92,1,2.82,64.25,month-to-month,digital_wallet,yes,0
C001095,6,94.9,647.69,3,0.3,82.94,month-to-month,card,yes,0
C001096,60,46.64,2758.88,3,1.94,67.58,one_year,bank_transfer,yes,0
C001097,54,47.41,2664.68,0,4.42,91.95,one_year,card,yes,0
C001098,3,68.11,194.88,3,5.17,66.11,month-to-month,digital_wallet,no,0
C001099,31,58.72,1601.17,5,8.76,65.39,month-to-month,card,yes,0
C001100,35,41.54,1350.41,3,0.59,68.59,month-to-month,bank_transfer,yes,0
C001101,34,58.96,1752.31,3,10.41,84.76,month-to-month,card,no,0
C001102,66,58.14,3821.85,3,2.53,79.75,month-to-month,digital_wallet,yes,0
C001103,11,53.2,612.21,3,1.93,33.3,two_year,card,no,0
C001104,22,62.11,1163.51,4,4.36,71.01,month-to-month,bank_transfer,yes,0
C001105,13,99.46,1187.82,0,15.17,60.31,month-to-month,card,yes,0
C001106,18,74.98,1177.08,1,2.37,51.12,two_year,card,yes,0
C001107,65,131.8,9763.65,2,5.06,19.54,month-to-month,card,yes,0
C001108,67,74.26,5428.05,3,12.05,24.2,two_year,bank_transfer,yes,0
C001109,4,62.75,215.68,1,0.2,47.71,two_year,card,yes,0
C001110,45,70.1,3451.81,3,3.01,25.71,month-to-month,cash,yes,0
C001111,17,76.41,1426.54,2,2.6,48.12,month-to-month,bank_transfer,yes,1
C001112,14,80.88,1236.03,3,6.12,69.29,month-to-month,bank_transfer,no,1
C001113,21,121.92,2850.93,2,9.95,43.38,month-to-month,card,no,0
C001114,14,48.87,677.66,1,4.57,56.67,month-to-month,card,yes,0
C001115,35,91.48,2951.37,2,18.21,33.6,month-to-month,digital_wallet,yes,1
C001116,71,75.19,5932.08,3,13.49,60.98,month-to-month,digital_wallet,yes,0
C001117,42,30.72,1419.89,1,4.82,65.16,one_year,bank_transfer,yes,0
C001118,52,89.27,4328.17,3,3.29,26.54,month-to-month,digital_wallet,yes,0
C001119,36,101.69,3749.51,1,1.51,39.96,month-to-month,card,yes,0
C001120,1,48.57,49.4,2,0.1,29.66,month-to-month,cash,yes,0
C001121,6,69.78,417.09,2,4.16,65.18,month-to-month,bank_transfer,yes,0
C001122,20,26.87,554.83,1,9.39,58.28,one_year,digital_wallet,yes,0
C001123,18,38.53,606.98,0,0.8,54.01,one_year,digital_wallet,no,0
C001124,60,96.2,5693.5,0,3.05,52.43,month-to-month,card,yes,0
C001125,60,58.34,3269.22,4,0.35,61.46,one_year,bank_transfer,yes,0
C001126,61,42.28,2194.05,5,9.14,61.86,month-to-month,cash,yes,0
C001127,46,75.74,3503.92,2,6.89,45.09,two_year,card,yes,0
C001128,40,56.94,2185.14,6,0.39,42.29,month-to-month,bank_transfer,yes,0
C001129,47,58.23,2680.33,1,0.02,53.82,one_year,bank_transfer,yes,0
C001130,29,88.48,2266.83,0,1.14,51.21,month-to-month,card,yes,0
C001131,48,40.96,1969.23,3,11.01,96.21,month-to-month,card,yes,0
C001132,57,47.37,2513.67,1,14.43,47.32,month-to-month,digital_wallet,no,0
C001133,55,73.85,3453.29,3,2.05,60.79,month-to-month,cash,yes,0
C001134,44,94.24,4494.66,1,6.04,64.32,one_year,bank_transfer,no,0
C001135,5,100.95,524.13,2,6.88,83.01,one_year,cash,yes,0
C001136,52,53.37,2798.66,2,3.74,38.78,month-to-month,card,no,0
C001137,27,93.43,2615.1,2,1.61,81.79,two_year,card,yes,0
C001138,53,50.4,2529.71,1,0.93,52.05,month-to-month,card,yes,0
C001139,39,115.66,4000.46,1,3.83,100.0,two_year,bank_transfer,yes,0
C001140,63,41.66,2511.67,1,3.22,62.25,month-to-month,bank_transfer,yes,0
C001141,25,103.21,2803.92,2,0.81,30.42,month-to-month,card,no,0
C001142,67,53.59,3707.0,2,10.72,51.06,month-to-month,bank_transfer,yes,0
C001143,60,120.33,7850.69,4,0.22,81.73,one_year,digital_wallet,yes,0
C001144,24,84.78,2280.36,3,0.14,56.63,one_year,bank_transfer,yes,0
C001145,35,44.6,1443.75,4,0.61,53.81,one_year,bank_transfer,yes,0
C001146,38,56.94,2432.9,2,7.47,69.38,month-to-month,bank_transfer,yes,0
C001147,55,89.53,5164.32,1,0.72,48.1,month-to-month,cash,no,0
C001148,49,96.32,4805.54,1,0.42,50.79,one_year,digital_wallet,yes,0
C001149,61,68.23,4166.17,1,0.06,36.11,two_year,cash,no,0
C001150,27,71.12,1902.13,1,0.04,89.58,month-to-month,cash,yes,0
C001151,36,88.96,2793.14,2,2.78,30.55,two_year,digital_wallet,yes,0
C001152,31,73.29,1968.57,2,1.51,58.39,one_year,card,yes,0
C001153,65,37.66,2323.92,0,10.57,64.6,month-to-month,bank_transfer,yes,0
C001154,22,49.68,995.67,3,1.47,54.73,one_year,card,yes,0
C001155,42,75.88,2791.65,1,2.9,29.92,month-to-month,card,yes,0
C001156,9,100.39,774.58,1,10.9,35.02,month-to-month,bank_transfer,yes,1
C001157,61,110.4,7700.87,3,3.68,65.45,one_year,card,yes,0
C001158,28,89.49,2289.25,1,5.52,39.4,two_year,bank_transfer,yes,0
C001159,25,77.18,2210.13,1,14.46,13.56,month-to-month,digital_wallet,yes,0
C001160,42,88.72,3776.0,0,4.74,62.74,month-to-month,card,yes,0
C001161,36,53.33,1742.43,1,1.33,37.55,month-to-month,cash,yes,0
C001162,61,66.17,3606.82,3,0.67,67.62,month-to-month,digital_wallet,yes,0
C001163,38,49.4,1708.59,2,0.26,50.97,one_year,digital_wallet,yes,0
C001164,37,38.78,1376.27,1,0.51,50.0,month-to-month,card,yes,0
C001165,8,78.34,571.24,0,5.43,56.04,month-to-month,cash,yes,0
C001166,2,74.64,163.97,4,2.75,32.23,one_year,card,yes,1
C001167,29,87.19,2427.68,3,0.62,38.49,month-to-month,digital_wallet,yes,0
C001168,71,83.65,5987.36,1,1.75,49.8,month-to-month,card,yes,0
C001169,66,76.07,5022.22,1,3.06,32.11,one_year,card,yes,0
C001170,45,83.92,3956.93,4,2.44,69.28,month-to-month,card,yes,0
C001171,45,68.93,3564.86,3,3.61,48.85,month-to-month,digital_wallet,yes,0
C001172,28,80.32,2210.95,0,0.38,26.01,month-to-month,digital_wallet,yes,0
C001173,13,51.85,638.14,1,15.92,43.82,month-to-month,digital_wallet,yes,1
C001174,1,79.24,90.51,0,8.74,57.02,two_year,digital_wallet,no,0
C001175,25,86.71,2491.38,2,4.91,46.08,one_year,card,no,0
C001176,23,53.26,1328.17,5,7.37,63.0,month-to-month,cash,yes,0
C001177,14,71.3,1087.28,5,19.97,66.48,month-to-month,bank_transfer,yes,1
C001178,19,54.41,1005.05,2,2.56,100.0,month-to-month,cash,yes,0
C001179,2,56.84,115.0,3,0.3,78.01,two_year,digital_wallet,yes,0
C001180,44,41.88,1760.66,1,2.88,22.27,one_year,card,yes,0
C001181,66,101.64,6947.73,1,3.32,47.8,one_year,card,no,0
C001182,50,96.64,5304.31,3,7.04,49.67,month-to-month,digital_wallet,yes,0
C001183,32,83.44,2569.08,1,0.23,66.5,two_year,cash,yes,0
C001184,30,119.3,3616.94,2,12.31,36.33,one_year,digital_wallet,yes,0
C001185,22,65.27,1554.36,4,6.2,44.37,month-to-month,digital_wallet,yes,1
C001186,11,145.79,1463.66,2,7.36,30.11,month-to-month,cash,yes,0
C001187,43,64.31,2856.97,3,3.89,42.95,month-to-month,card,no,0
C001188,41,76.38,3390.64,8,0.99,43.7,one_year,bank_transfer,yes,0
C001189,1,60.06,51.99,1,2.05,48.74,month-to-month,bank_transfer,yes,1
C001190,30,79.31,2203.45,3,0.69,31.27,month-to-month,card,yes,0
C001191,20,90.89,1558.91,1,5.94,74.64,one_year,digital_wallet,yes,0
C001192,13,67.15,743.71,2,3.97,64.44,one_year,card,yes,0
C001193,50,114.42,5682.48,0,4.73,26.02,month-to-month,digital_wallet,yes,0
C001194,38,75.98,3061.01,2,3.57,55.52,month-to-month,bank_transfer,yes,0
C001195,45,76.76,3333.09,1,12.59,23.69,month-to-month,digital_wallet,no,0
C001196,51,47.28,2498.61,2,5.46,81.85,month-to-month,bank_transfer,yes,0
C001197,70,80.46,5111.07,2,15.39,87.28,one_year,bank_transfer,no,0
C001198,57,66.65,4182.44,1,0.13,53.89,one_year,card,yes,0
C001199,45,54.79,2364.09,1,5.17,37.95,two_year,digital_wallet,yes,0
C001200,63,50.59,3385.17,0,0.0,41.71,one_year,bank_transfer,yes,0
C001201,34,136.79,4134.66,2,1.61,45.93,one_year,bank_transfer,yes,0
C001202,70,63.41,4862.53,0,6.51,52.86,month-to-month,digital_wallet,no,0
C001203,55,33.58,1856.65,5,14.24,82.41,month-to-month,bank_transfer,yes,0
C001204,47,52.54,2818.0,2,7.72,74.11,two_year,card,yes,0
C001205,65,68.71,4339.41,1,25.4,74.42,one_year,card,yes,0
C001206,37,83.67,3442.07,0,6.73,58.41,two_year,bank_transfer,yes,0
C001207,52,83.87,4246.23,1,11.03,31.93,one_year,card,no,0
C001208,21,86.92,1610.52,3,6.19,39.6,month-to-month,card,no,1
C001209,69,53.88,3926.88,2,19.92,56.21,month-to-month,card,yes,0
C001210,45,78.51,3196.97,3,12.65,30.98,month-to-month,bank_transfer,yes,0
C001211,56,48.1,2935.81,2,5.77,61.08,one_year,bank_transfer,yes,0
C001212,33,54.51,1709.68,0,5.42,71.1,two_year,bank_transfer,no,0
C001213,62,47.06,3141.99,1,1.81,65.91,one_year,bank_transfer,yes,0
C001214,6,40.29,240.4,1,3.46,65.1,month-to-month,bank_transfer,yes,0
C001215,9,96.61,879.1,2,1.93,17.67,month-to-month,card,yes,1
C001216,37,87.22,3454.11,6,1.35,81.67,month-to-month,cash,no,1
C001217,53,94.42,5251.87,0,4.95,23.65,month-to-month,bank_transfer,yes,0
C001218,58,70.98,4319.83,3,0.9,51.95,two_year,digital_wallet,yes,0
C001219,32,89.42,2997.89,3,7.59,67.37,one_year,bank_transfer,yes,0
C001220,47,25.97,1251.71,0,8.08,62.17,month-to-month,card,yes,0
C001221,40,91.58,4000.65,2,3.83,29.44,two_year,digital_wallet,yes,0
C001222,69,74.43,4827.43,2,0.34,33.03,month-to-month,card,no,0
C001223,47,85.68,3642.17,1,10.99,60.74,two_year,cash,yes,0
C001224,30,79.5,2553.28,2,0.17,65.22,one_year,bank_transfer,no,0
C001225,69,45.32,3164.7,3,4.25,32.86,month-to-month,card,yes,0
C001226,8,32.55,291.69,1,0.78,62.85,one_year,bank_transfer,no,0
C001227,70,52.2,4163.72,0,0.36,24.69,month-to-month,digital_wallet,yes,0
C001228,11,84.12,1027.27,3,3.68,67.49,one_year,card,yes,0
C001229,21,87.25,1858.44,2,0.55,37.32,month-to-month,card,yes,0
C001230,59,35.8,2273.32,2,12.39,56.61,month-to-month,cash,no,0
C001231,53,45.47,2290.26,1,15.23,53.25,one_year,card,yes,0
C001232,69,51.92,3060.92,2,9.84,78.21,month-to-month,card,yes,0
C001233,54,61.07,3575.1,0,6.0,59.84,month-to-month,card,yes,0
C001234,46,35.95,1793.29,0,0.69,43.02,one_year,bank_transfer,yes,0
C001235,25,34.45,734.11,1,15.46,62.19,month-to-month,bank_transfer,yes,0
C001236,1,49.45,54.85,0,1.26,97.85,one_year,bank_transfer,yes,0
C001237,9,72.16,723.72,1,1.66,69.8,one_year,cash,yes,0
C001238,22,40.49,842.75,1,4.64,53.82,month-to-month,card,yes,0
C001239,3,67.1,172.16,3,2.88,38.33,two_year,card,yes,0
C001240,37,96.46,3971.78,2,7.81,42.67,month-to-month,card,yes,0
C001241,56,37.46,1827.26,2,6.75,68.6,month-to-month,bank_transfer,no,0
C001242,69,64.84,4114.46,2,6.08,37.28,month-to-month,card,yes,0
C001243,35,95.62,3389.41,2,15.31,55.05,one_year,bank_transfer,yes,0
C001244,63,59.54,4107.45,0,8.78,83.75,month-to-month,digital_wallet,yes,0
C001245,70,55.66,4225.47,5,1.38,58.01,month-to-month,card,no,0
C001246,62,99.09,6477.33,1,11.02,33.42,month-to-month,cash,no,0
C001247,34,62.34,2328.74,3,8.0,98.56,one_year,cash,yes,0
C001248,24,97.61,2473.02,2,0.45,90.25,month-to-month,bank_transfer,no,0
C001249,70,80.72,5884.1,2,13.0,65.02,month-to-month,digital_wallet,yes,0
C001250,18,61.43,995.49,1,3.78,80.52,month-to-month,digital_wallet,no,0
C001251,30,81.99,2415.43,3,5.36,49.66,month-to-month,card,no,0
C001252,6,78.01,461.24,1,0.72,69.49,one_year,bank_transfer,yes,0
C001253,57,95.52,4658.26,1,17.76,46.53,month-to-month,card,no,0
C001254,47,56.29,2570.7,2,2.08,27.89,month-to-month,bank_transfer,yes,0
C001255,7,71.03,456.5,0,3.91,100.0,month-to-month,digital_wallet,yes,0
C001256,16,68.46,960.55,2,4.63,26.87,one_year,bank_transfer,no,0
C001257,40,87.6,3552.84,1,4.43,60.95,one_year,card,yes,0
C001258,39,44.37,1593.92,0,1.49,60.72,month-to-month,digital_wallet,yes,0
C001259,57,95.42,4933.96,3,0.29,65.32,one_year,cash,yes,0
C001260,19,81.66,1685.0,1,6.19,53.21,one_year,card,yes,0
C001261,66,37.08,2674.72,0,0.66,53.42,month-to-month,card,yes,0
C001262,32,100.21,3361.35,1,2.35,57.77,month-to-month,card,no,0
C001263,59,125.85,6734.0,1,8.35,64.6,month-to-month,cash,no,0
C001264,17,95.05,1680.1,1,3.59,54.96,one_year,bank_transfer,no,1
C001265,3,105.67,337.31,1,1.25,53.63,month-to-month,card,yes,1
C001266,4,72.13,265.45,2,1.52,28.58,month-to-month,bank_transfer,no,0
C001267,27,28.46,683.86,1,3.85,95.27,month-to-month,bank_transfer,yes,0
C001268,68,23.9,1592.59,2,5.98,65.71,month-to-month,card,yes,0
C001269,4,76.38,298.57,1,2.37,59.18,one_year,digital_wallet,yes,0
C001270,27,55.2,1335.4,0,21.74,42.51,month-to-month,digital_wallet,yes,0
C001271,8,47.14,342.21,2,4.92,34.93,month-to-month,card,yes,0
C001272,67,68.43,4584.37,3,6.62,72.2,one_year,cash,yes,0
C001273,48,85.39,4132.42,3,7.81,51.8,one_year,card,no,0
C001274,55,33.68,1873.5,6,6.78,67.42,two_year,card,yes,0
C001275,51,58.78,3431.18,1,1.06,27.96,one_year,bank_transfer,no,0
C001276,47,107.75,4364.66,4,5.8,85.94,month-to-month,card,yes,0
C001277,55,43.12,2575.16,3,12.33,73.03,month-to-month,bank_transfer,yes,0
C001278,1,91.74,87.67,3,9.91,53.38,two_year,card,yes,1
C001279,62,57.88,3860.95,2,0.39,64.35,one_year,card,no,0
C001280,53,83.64,4746.3,0,1.24,69.82,month-to-month,cash,yes,0
C001281,53,97.43,5349.62,2,0.17,28.26,month-to-month,card,yes,0
C001282,28,88.53,2576.43,1,9.59,88.56,one_year,bank_transfer,no,0
C001283,57,92.73,5544.96,0,1.72,64.67,month-to-month,card,yes,0
C001284,28,41.21,1239.6,2,2.84,40.92,one_year,digital_wallet,no,0
C001285,4,97.84,348.11,2,10.91,33.07,one_year,card,yes,0
C001286,65,48.68,3032.27,2,2.7,74.74,month-to-month,card,yes,0
C001287,17,76.49,1433.72,2,3.46,59.22,two_year,digital_wallet,yes,0
C001288,8,76.46,620.44,3,1.69,64.65,two_year,card,yes,0
C001289,45,82.13,3293.22,2,8.28,55.53,month-to-month,digital_wallet,yes,0
C001290,17,78.42,1517.85,1,8.13,34.95,month-to-month,bank_transfer,yes,0
C001291,61,48.9,3419.78,2,4.62,65.17,two_year,digital_wallet,no,0
C001292,32,36.25,1164.52,1,0.63,51.05,month-to-month,card,yes,0
C001293,1,91.81,92.72,4,1.49,54.57,two_year,cash,no,0
C001294,68,74.65,4759.22,1,0.67,100.0,month-to-month,card,yes,0
C001295,37,98.73,3670.89,2,9.86,72.38,one_year,card,yes,1
C001296,19,68.88,1492.81,1,5.52,73.54,one_year,digital_wallet,yes,0
C001297,49,34.87,1582.87,1,5.98,100.0,month-to-month,card,yes,0
C001298,38,94.15,3368.11,0,21.08,62.69,one_year,card,yes,0
C001299,3,60.74,203.95,2,5.25,57.39,month-to-month,bank_transfer,no,1
C001300,54,78.55,4094.6,2,0.19,41.42,month-to-month,card,yes,0
C001301,29,53.81,1781.82,3,4.09,45.95,month-to-month,card,yes,0
C001302,50,111.11,5304.7,2,4.81,14.06,month-to-month,bank_transfer,yes,0
C001303,64,48.09,2620.15,0,8.3,70.81,month-to-month,bank_transfer,yes,0
C001304,44,61.56,3077.55,1,6.49,29.66,month-to-month,bank_transfer,yes,0
C001305,48,72.69,3213.65,6,1.32,73.05,month-to-month,digital_wallet,yes,0
C001306,19,42.7,858.46,1,2.37,54.14,month-to-month,card,yes,0
C001307,17,78.26,1149.81,1,0.57,57.56,month-to-month,bank_transfer,yes,0
C001308,30,110.3,3555.37,1,0.5,54.15,one_year,card,no,0
C001309,61,57.74,3226.27,2,3.77,82.72,month-to-month,card,yes,0
C001310,38,79.88,3308.8,2,2.65,79.19,one_year,card,yes,0
C001311,25,15.0,427.49,2,0.88,54.42,month-to-month,bank_transfer,yes,0
C001312,56,69.03,3338.12,1,2.17,37.02,month-to-month,card,yes,0
C001313,61,62.17,3642.41,2,3.95,73.48,month-to-month,digital_wallet,yes,0
C001314,65,49.54,3428.38,2,1.74,35.51,month-to-month,card,yes,0
C001315,22,97.04,2452.73,0,5.36,23.9,month-to-month,card,no,0
C001316,51,61.84,3024.45,2,11.62,64.97,one_year,card,no,0
C001317,42,65.56,3162.55,2,18.5,79.37,month-to-month,bank_transfer,no,0
C001318,32,60.57,2170.36,1,0.52,46.9,month-to-month,digital_wallet,yes,0
C001319,29,22.08,682.44,1,13.61,63.09,one_year,digital_wallet,yes,0
C001320,9,41.7,362.01,2,1.41,46.69,month-to-month,cash,yes,0
C001321,20,94.03,1901.37,2,11.17,69.44,one_year,card,yes,0
C001322,40,17.25,735.66,4,9.58,76.9,one_year,card,yes,0
C001323,63,50.84,3381.52,6,11.18,49.74,month-to-month,digital_wallet,no,0
C001324,62,60.01,3484.26,3,16.95,34.45,month-to-month,digital_wallet,no,0
C001325,14,113.59,1617.57,2,5.23,25.86,month-to-month,card,no,0
C001326,49,89.22,4810.91,2,0.71,73.51,one_year,card,yes,0
C001327,7,56.07,389.56,0,0.2,32.27,two_year,bank_transfer,no,0
C001328,48,102.61,5023.3,3,6.76,62.44,month-to-month,card,no,0
C001329,25,51.49,1220.58,0,3.68,70.55,two_year,bank_transfer,yes,1
C001330,32,95.23,2736.55,4,0.42,44.97,month-to-month,card,yes,0
C001331,51,36.03,1598.19,1,1.68,51.68,month-to-month,cash,yes,0
C001332,31,96.83,2917.17,4,12.8,74.98,month-to-month,bank_transfer,yes,1
C001333,58,59.85,3608.32,0,0.2,38.84,two_year,digital_wallet,yes,0
C001334,38,44.29,1814.2,3,9.77,36.81,month-to-month,card,no,0
C001335,71,64.57,4012.49,1,2.87,50.31,one_year,bank_transfer,no,0
C001336,46,76.93,3346.24,1,4.04,80.56,month-to-month,digital_wallet,no,0
C001337,22,57.63,1385.01,3,3.13,87.21,two_year,card,yes,0
C001338,56,83.85,4149.33,0,7.2,53.02,one_year,bank_transfer,yes,0
C001339,29,55.43,1845.19,5,9.59,40.76,one_year,card,yes,0
C001340,38,85.51,3378.7,2,0.71,76.28,one_year,bank_transfer,yes,0
C001341,10,81.06,917.55,1,3.24,21.61,month-to-month,digital_wallet,yes,0
C001342,9,68.48,658.87,2,8.51,59.95,two_year,digital_wallet,no,1
C001343,41,58.97,2754.02,2,4.39,54.12,one_year,digital_wallet,yes,0
C001344,14,73.79,1084.28,5,5.61,80.88,month-to-month,card,no,0
C001345,71,83.76,5532.95,3,4.38,82.9,two_year,digital_wallet,yes,0
C001346,61,121.54,8082.13,1,2.71,36.15,one_year,bank_transfer,yes,0
C001347,50,93.49,4290.15,2,4.55,58.35,one_year,card,yes,0
C001348,53,94.4,5100.76,3,1.8,43.59,one_year,digital_wallet,yes,0
C001349,43,147.21,6089.05,1,7.53,49.13,month-to-month,card,no,0
C001350,5,82.9,451.69,1,8.06,67.35,month-to-month,card,yes,1
C001351,28,82.12,2478.24,0,0.8,48.3,month-to-month,digital_wallet,yes,0
C001352,36,87.6,3497.89,1,5.12,58.88,two_year,card,no,0
C001353,65,44.78,2689.48,0,0.98,74.15,one_year,card,yes,0
C001354,16,58.9,1083.11,1,6.22,85.3,one_year,card,yes,0
C001355,36,57.35,2253.57,2,2.43,60.77,month-to-month,digital_wallet,no,0
C001356,25,86.19,2081.52,3,21.38,57.36,two_year,card,yes,0
C001357,10,65.65,583.13,3,4.16,32.85,month-to-month,card,yes,1
C001358,8,73.46,561.1,0,0.16,86.72,month-to-month,card,yes,0
C001359,26,97.19,2228.31,2,3.37,64.91,two_year,card,yes,0
C001360,6,91.58,568.49,2,7.71,57.72,one_year,card,yes,0
C001361,5,65.96,291.49,0,1.09,56.7,two_year,digital_wallet,yes,0
C001362,25,53.25,1303.5,2,3.16,62.21,one_year,digital_wallet,yes,0
C001363,15,98.38,1549.91,1,0.27,70.44,month-to-month,digital_wallet,yes,0
C001364,40,89.35,3523.58,1,5.12,72.91,month-to-month,digital_wallet,yes,0
C001365,2,29.84,66.52,2,1.33,87.22,two_year,card,yes,1
C001366,22,62.17,1261.49,2,0.31,59.85,month-to-month,card,yes,0
C001367,33,74.14,2464.09,2,8.5,90.08,one_year,bank_transfer,yes,0
C001368,69,89.47,6938.71,0,17.14,76.15,month-to-month,card,no,0
C001369,46,92.75,4078.71,4,32.31,53.8,month-to-month,bank_transfer,yes,1
C001370,63,77.1,4817.39,3,1.13,21.65,two_year,card,yes,0
C001371,25,84.63,2390.52,2,8.33,56.71,two_year,digital_wallet,yes,0
C001372,32,71.6,2290.84,2,3.88,86.17,month-to-month,card,yes,0
C001373,30,53.15,1768.86,2,1.22,39.49,month-to-month,bank_transfer,yes,0
C001374,64,63.47,4598.72,0,5.87,56.65,month-to-month,cash,yes,0
C001375,69,70.47,4506.96,0,8.23,58.3,month-to-month,card,yes,0
C001376,69,69.13,5179.23,0,7.21,73.84,two_year,card,yes,0
C001377,54,22.86,1291.42,2,1.04,47.24,month-to-month,card,yes,0
C001378,36,60.06,2477.99,2,10.28,37.61,month-to-month,card,yes,0
C001379,39,71.41,2856.29,2,2.79,66.4,one_year,bank_transfer,yes,0
C001380,70,62.97,4794.74,1,0.43,40.13,one_year,cash,yes,0
C001381,21,63.83,1278.37,5,0.02,18.29,month-to-month,digital_wallet,yes,1
C001382,25,82.2,2120.58,3,0.87,91.81,two_year,digital_wallet,yes,0
C001383,64,43.03,2983.8,1,2.97,73.54,month-to-month,digital_wallet,no,0
C001384,28,29.3,935.28,1,7.13,92.67,month-to-month,card,yes,0
C001385,17,61.3,964.45,1,0.76,72.48,two_year,cash,yes,0
C001386,40,89.1,3113.85,4,13.41,68.61,month-to-month,bank_transfer,yes,1
C001387,24,112.19,3077.27,0,0.14,62.39,two_year,card,yes,0
C001388,64,89.55,5907.89,6,6.62,51.28,one_year,cash,yes,0
C001389,65,33.29,1850.66,1,14.2,65.24,two_year,bank_transfer,no,0
C001390,22,64.19,1420.67,0,23.74,43.94,month-to-month,card,yes,0
C001391,38,76.42,3283.66,3,3.92,33.62,month-to-month,digital_wallet,yes,0
C001392,70,74.44,5968.05,2,3.25,48.36,two_year,card,yes,0
C001393,53,83.48,4193.23,2,7.86,80.83,two_year,card,yes,0
C001394,16,47.07,816.88,1,7.13,30.35,two_year,card,yes,0
C001395,42,71.62,2970.92,0,1.78,30.67,month-to-month,bank_transfer,no,0
C001396,45,80.51,3512.01,1,3.59,66.83,one_year,card,yes,0
C001397,47,90.64,4590.15,2,2.33,46.7,month-to-month,card,yes,0
C001398,2,49.86,92.83,1,7.12,64.71,month-to-month,card,no,0
C001399,22,61.37,1320.34,6,1.95,74.8,month-to-month,card,yes,0
C001400,61,15.0,845.42,3,18.84,64.23,one_year,bank_transfer,yes,0
C001401,18,54.46,875.24,2,18.52,42.36,month-to-month,bank_transfer,yes,0
C001402,22,56.89,1206.25,1,0.45,80.66,month-to-month,card,yes,0
C001403,23,44.51,1164.78,2,0.63,69.84,one_year,card,yes,0
C001404,13,74.14,940.37,2,6.63,55.54,two_year,card,no,0
C001405,12,68.6,868.47,3,0.7,54.57,month-to-month,bank_transfer,yes,1
C001406,25,15.0,350.82,0,10.89,62.48,two_year,digital_wallet,yes,0
C001407,63,75.39,5270.0,2,3.97,48.76,two_year,card,yes,0
C001408,1,46.79,48.55,5,2.13,22.38,month-to-month,card,yes,1
C001409,21,82.14,1958.09,3,0.91,70.0,one_year,card,yes,0
C001410,5,37.95,179.86,0,3.01,68.81,two_year,bank_transfer,no,0
C001411,40,70.75,2862.3,3,4.23,8.98,one_year,card,yes,0
C001412,18,62.92,1027.6,0,4.17,65.21,month-to-month,digital_wallet,yes,0
C001413,57,77.58,3938.89,3,7.34,90.13,one_year,digital_wallet,yes,0
C001414,42,73.12,3149.57,3,0.8,32.45,one_year,card,yes,0
C001415,56,63.62,3887.07,4,4.23,53.53,one_year,bank_transfer,yes,0
C001416,46,31.59,1322.4,1,0.66,51.36,month-to-month,cash,yes,0
C001417,32,33.07,1122.65,0,1.96,88.21,month-to-month,card,no,0
C001418,62,55.4,3611.76,5,1.77,77.42,one_year,bank_transfer,yes,0
C001419,34,69.79,2360.54,4,1.22,37.43,month-to-month,bank_transfer,yes,0
C001420,68,54.79,4024.33,1,0.84,61.84,two_year,card,yes,0
C001421,71,85.63,6251.03,1,0.05,100.0,month-to-month,digital_wallet,yes,0
C001422,42,63.02,3001.36,1,9.42,42.51,one_year,card,yes,0
C001423,48,45.87,2376.19,2,3.3,54.78,month-to-month,card,yes,0
C001424,19,63.05,1336.83,2,0.48,65.27,two_year,bank_transfer,yes,0
C001425,58,75.65,4205.02,2,1.28,42.8,two_year,cash,no,0
C001426,48,78.12,4099.72,5,3.38,90.26,month-to-month,card,yes,0
C001427,65,116.96,8724.53,4,0.03,45.55,month-to-month,bank_transfer,yes,0
C001428,19,53.28,910.07,2,5.88,27.22,two_year,card,yes,0
C001429,56,68.16,3829.93,3,0.49,44.5,one_year,bank_transfer,yes,0
C001430,34,80.65,3040.29,4,8.64,68.06,one_year,bank_transfer,yes,0
C001431,14,69.41,941.66,2,10.71,39.04,month-to-month,bank_transfer,yes,0
C001432,13,57.48,749.14,1,14.8,61.04,two_year,cash,no,0
C001433,40,31.27,1343.66,2,8.92,66.25,one_year,digital_wallet,yes,0
C001434,23,57.23,1444.49,2,0.86,30.82,month-to-month,card,yes,0
C001435,8,43.16,314.14,0,9.29,43.73,month-to-month,cash,yes,0
C001436,31,26.83,804.7,0,3.87,61.98,month-to-month,card,yes,0
C001437,47,50.11,2280.54,3,6.33,69.05,one_year,digital_wallet,yes,0
C001438,23,43.82,902.94,1,0.73,44.22,two_year,digital_wallet,yes,0
C001439,68,84.59,5046.87,0,0.84,58.04,month-to-month,digital_wallet,yes,0
C001440,56,85.03,5111.06,2,3.12,49.32,month-to-month,card,yes,0
C001441,37,47.4,1939.12,3,4.84,69.56,month-to-month,digital_wallet,yes,0
C001442,67,63.49,4830.87,1,3.09,65.39,month-to-month,bank_transfer,yes,0
C001443,31,23.54,829.77,1,2.87,47.53,two_year,bank_transfer,yes,0
C001444,10,57.64,661.96,4,2.09,64.57,one_year,cash,yes,0
C001445,3,79.97,209.91,0,0.98,46.75,month-to-month,card,yes,0
C001446,67,90.62,5883.78,4,15.16,64.15,month-to-month,card,no,0
C001447,69,52.17,3148.72,2,1.95,64.43,month-to-month,bank_transfer,no,0
C001448,53,96.3,5376.08,2,2.72,100.0,one_year,card,no,0
C001449,8,32.11,293.26,2,0.68,48.27,month-to-month,digital_wallet,no,0
C001450,21,38.81,701.72,0,5.1,52.17,month-to-month,card,no,0
C001451,3,87.74,265.3,0,0.13,42.06,two_year,bank_transfer,yes,0
C001452,4,111.78,451.57,3,3.36,34.34,one_year,digital_wallet,yes,0
C001453,18,82.34,1332.33,0,0.9,45.87,one_year,digital_wallet,yes,0
C001454,41,68.99,3111.63,0,10.87,68.3,month-to-month,digital_wallet,yes,0
C001455,5,15.12,73.21,1,4.49,69.75,month-to-month,card,no,0
C001456,70,19.44,1328.25,1,3.51,60.91,two_year,card,yes,0
C001457,33,73.24,2751.7,2,7.99,49.08,one_year,digital_wallet,yes,0
C001458,19,61.05,1072.02,0,5.1,45.13,one_year,cash,yes,0
C001459,37,42.35,1513.26,3,4.53,36.66,one_year,bank_transfer,yes,0
C001460,57,71.64,4414.32,2,11.52,43.86,month-to-month,bank_transfer,yes,0
C001461,23,72.88,1666.13,2,0.04,29.1,one_year,card,yes,0
C001462,4,93.61,386.06,3,16.06,82.16,month-to-month,bank_transfer,yes,0
C001463,4,73.42,291.71,3,2.6,91.74,month-to-month,bank_transfer,yes,0
C001464,61,100.71,5743.97,0,9.92,16.28,month-to-month,card,yes,0
C001465,8,70.2,504.78,1,2.21,60.79,month-to-month,card,yes,0
C001466,46,67.12,3411.66,0,2.58,60.45,month-to-month,bank_transfer,yes,0
C001467,28,96.61,2522.6,1,1.55,59.18,month-to-month,bank_transfer,no,0
C001468,56,45.54,2930.7,3,2.63,43.15,month-to-month,card,yes,0
C001469,5,140.36,598.65,2,2.72,75.45,two_year,digital_wallet,yes,1
C001470,64,79.38,5662.55,4,0.28,63.21,two_year,card,no,0
C001471,50,79.52,4509.66,3,0.89,75.68,month-to-month,digital_wallet,no,0
C001472,32,83.13,2307.91,1,0.23,40.25,month-to-month,digital_wallet,yes,0
C001473,15,116.93,1821.05,1,9.53,27.34,two_year,digital_wallet,yes,0
C001474,70,89.81,6820.04,4,2.5,63.7,month-to-month,digital_wallet,no,0
C001475,22,29.87,679.96,2,2.28,35.74,one_year,digital_wallet,yes,0
C001476,35,105.09,4097.46,2,10.84,76.09,month-to-month,bank_transfer,yes,0
C001477,28,61.48,1531.58,2,3.63,12.47,one_year,bank_transfer,yes,0
C001478,17,72.68,1401.88,1,23.17,45.63,month-to-month,digital_wallet,no,0
C001479,30,38.02,1157.84,0,7.56,42.68,one_year,bank_transfer,no,0
C001480,11,83.16,872.0,3,0.77,48.35,month-to-month,digital_wallet,yes,1
C001481,1,53.72,54.12,4,0.02,60.22,month-to-month,card,no,0
C001482,21,72.5,1449.19,3,0.91,62.92,month-to-month,bank_transfer,yes,1
C001483,8,62.9,496.45,0,8.99,67.79,month-to-month,card,yes,0
C001484,30,118.13,3178.53,1,5.5,70.1,two_year,digital_wallet,yes,0
C001485,62,119.56,8178.91,3,0.69,51.57,month-to-month,card,yes,0
C001486,12,71.16,825.68,0,17.26,97.17,month-to-month,card,yes,1
C001487,1,71.6,70.89,3,2.44,82.74,one_year,card,yes,0
C001488,8,60.66,544.94,2,1.3,48.76,month-to-month,digital_wallet,yes,0
C001489,37,97.65,4054.21,0,4.54,52.26,two_year,cash,yes,0
C001490,20,61.78,1342.32,5,7.05,48.34,two_year,card,yes,0
C001491,35,59.47,1787.87,4,1.8,62.27,month-to-month,card,no,0
C001492,3,94.46,317.94,0,4.65,35.56,one_year,digital_wallet,yes,0
C001493,24,56.54,1230.3,2,4.91,39.21,one_year,bank_transfer,no,0
C001494,30,69.06,2033.33,2,5.14,11.65,month-to-month,card,yes,0
C001495,31,30.47,1058.67,3,0.82,47.03,one_year,digital_wallet,yes,0
C001496,40,87.6,3078.48,3,1.83,76.3,month-to-month,digital_wallet,no,0
C001497,56,118.52,5906.66,3,4.38,51.96,month-to-month,card,yes,0
C001498,34,88.03,3061.33,2,1.73,53.08,one_year,bank_transfer,yes,0
C001499,60,106.54,6330.78,3,0.43,60.56,one_year,card,no,0
C001500,38,48.85,1794.77,3,2.86,34.96,one_year,cash,yes,0
C001501,19,75.91,1576.24,3,10.56,55.51,month-to-month,digital_wallet,yes,0
C001502,17,46.42,882.6,2,2.14,72.81,one_year,bank_transfer,yes,0
C001503,23,64.31,1697.09,1,1.92,61.13,month-to-month,cash,yes,0
C001504,43,89.31,3405.76,4,0.02,74.56,one_year,card,yes,0
C001505,18,72.55,1374.86,3,0.52,80.28,month-to-month,digital_wallet,no,0
C001506,65,34.68,2505.61,2,2.16,68.25,month-to-month,digital_wallet,yes,0
C001507,35,37.12,1198.2,0,1.53,40.73,month-to-month,digital_wallet,yes,0
C001508,62,35.47,2186.02,3,4.32,48.12,month-to-month,digital_wallet,yes,0
C001509,49,82.29,3435.9,4,10.19,93.63,month-to-month,card,yes,0
C001510,24,121.6,2598.44,1,8.6,61.28,month-to-month,card,yes,0
C001511,17,104.06,1570.33,4,2.86,58.62,month-to-month,card,no,1
C001512,53,22.6,1272.41,1,1.04,37.8,month-to-month,digital_wallet,yes,0
C001513,24,105.53,2625.53,0,5.24,53.17,month-to-month,bank_transfer,yes,0
C001514,18,93.41,1448.69,6,1.24,69.33,one_year,bank_transfer,yes,0
C001515,67,31.37,2161.96,4,0.56,55.3,two_year,card,no,0
C001516,35,62.42,1901.66,2,4.45,44.61,two_year,bank_transfer,yes,0
C001517,4,97.39,354.75,2,1.29,49.25,two_year,bank_transfer,yes,0
C001518,36,83.76,3378.47,4,0.15,78.84,two_year,bank_transfer,yes,0
C001519,33,37.27,1210.54,4,2.89,68.36,month-to-month,card,yes,0
C001520,62,85.27,5732.86,0,8.8,65.68,month-to-month,card,no,0
C001521,51,16.56,797.63,2,2.05,63.82,month-to-month,card,yes,0
C001522,14,64.43,796.69,3,2.68,31.34,month-to-month,cash,yes,1
C001523,11,98.45,1209.05,0,0.65,60.45,two_year,bank_transfer,yes,0
C001524,43,70.46,2724.22,4,0.35,76.36,two_year,bank_transfer,no,0
C001525,4,57.53,219.73,4,1.46,49.78,one_year,cash,yes,0
C001526,23,92.23,2249.44,2,1.23,74.55,two_year,bank_transfer,yes,0
C001527,10,94.37,969.68,2,0.7,65.9,one_year,bank_transfer,no,0
C001528,2,102.75,231.89,1,8.97,71.55,month-to-month,bank_transfer,no,0
C001529,66,91.86,6949.64,1,0.57,56.02,month-to-month,card,yes,0
C001530,7,97.03,607.23,3,5.63,72.73,two_year,card,yes,0
C001531,1,88.32,81.08,0,1.26,25.71,one_year,digital_wallet,yes,0
C001532,67,76.64,5349.13,3,8.78,55.66,month-to-month,bank_transfer,no,0
C001533,14,72.24,904.15,2,2.48,69.26,month-to-month,card,yes,0
C001534,58,64.07,3763.04,1,2.66,60.93,one_year,digital_wallet,yes,0
C001535,3,39.69,114.53,2,12.62,76.91,one_year,card,yes,0
C001536,11,46.12,566.36,5,7.13,51.86,month-to-month,bank_transfer,no,0
C001537,8,62.95,566.76,4,0.77,44.05,two_year,digital_wallet,yes,0
C001538,51,76.04,3597.29,4,5.18,22.22,month-to-month,card,yes,0
C001539,45,106.02,4192.2,3,0.42,49.54,two_year,card,no,0
C001540,34,68.96,2689.87,2,4.34,65.34,one_year,bank_transfer,yes,0
C001541,18,95.09,1531.8,5,1.97,70.22,one_year,digital_wallet,yes,0
C001542,7,96.98,612.37,1,1.14,27.02,two_year,digital_wallet,yes,0
C001543,41,64.21,2437.03,1,1.38,78.51,two_year,digital_wallet,no,0
C001544,17,84.87,1373.86,5,2.34,35.51,month-to-month,card,yes,1
C001545,42,63.91,2400.66,1,6.54,52.58,two_year,card,yes,1
C001546,49,103.05,4780.32,2,4.32,43.62,month-to-month,bank_transfer,no,0
C001547,61,85.9,4488.33,1,3.42,63.34,month-to-month,digital_wallet,no,0
C001548,36,40.24,1579.36,1,11.44,56.88,one_year,card,yes,0
C001549,1,74.04,68.79,1,3.92,68.56,month-to-month,card,yes,0
C001550,20,111.2,2436.09,3,23.21,91.88,month-to-month,card,yes,0
C001551,61,65.47,4169.65,4,0.05,62.96,month-to-month,card,yes,0
C001552,38,81.19,3067.32,3,0.43,43.47,month-to-month,digital_wallet,yes,0
C001553,44,83.65,4201.94,2,5.82,64.22,month-to-month,cash,no,0
C001554,33,44.08,1405.32,3,1.53,93.9,one_year,card,yes,0
C001555,12,82.77,897.38,5,3.23,68.13,month-to-month,bank_transfer,yes,0
C001556,64,35.15,2302.13,1,0.33,73.91,one_year,card,yes,0
C001557,55,54.36,2667.01,2,1.1,23.13,month-to-month,card,no,0
C001558,71,96.89,6418.8,3,6.47,62.74,month-to-month,card,yes,0
C001559,61,78.92,5402.92,3,0.9,49.64,month-to-month,card,yes,0
C001560,21,62.39,1464.29,2,4.36,41.4,month-to-month,card,yes,0
C001561,19,81.16,1526.21,1,9.06,54.55,two_year,digital_wallet,no,0
C001562,18,68.5,1224.92,3,5.61,57.17,two_year,bank_transfer,yes,0
C001563,66,70.31,4733.73,1,2.89,42.51,month-to-month,bank_transfer,yes,0
C001564,40,86.42,3025.59,1,0.03,58.77,month-to-month,bank_transfer,no,0
C001565,33,51.82,1583.3,3,7.95,51.53,one_year,card,yes,0
C001566,69,71.01,5017.15,3,0.43,69.05,month-to-month,card,yes,0
C001567,43,62.19,2530.83,4,1.91,59.55,month-to-month,card,yes,0
C001568,65,30.36,1803.72,0,2.59,62.52,month-to-month,card,yes,0
C001569,70,46.99,3434.61,2,3.75,74.59,one_year,card,yes,0
C001570,6,109.21,668.29,2,1.25,66.1,month-to-month,cash,yes,0
C001571,26,79.62,1962.68,1,16.8,54.88,two_year,cash,yes,0
C001572,53,36.91,2212.94,3,4.35,13.26,month-to-month,digital_wallet,no,0
C001573,58,31.49,1978.65,2,7.35,65.27,month-to-month,bank_transfer,yes,0
C001574,11,67.2,760.47,2,16.16,36.76,two_year,digital_wallet,yes,0
C001575,23,109.03,2289.11,1,1.25,53.28,month-to-month,bank_transfer,yes,0
C001576,39,65.33,2661.11,3,4.19,62.42,month-to-month,bank_transfer,yes,0
C001577,57,102.67,6182.09,1,1.88,81.66,month-to-month,card,no,0
C001578,9,78.8,726.47,0,4.78,91.85,one_year,cash,yes,0
C001579,43,81.78,3662.14,3,0.21,36.58,one_year,digital_wallet,yes,0
C001580,22,36.61,723.75,1,0.11,28.68,month-to-month,card,yes,0
C001581,16,93.44,1421.0,1,2.98,61.51,month-to-month,bank_transfer,yes,0
C001582,37,61.63,2547.48,2,1.15,59.85,month-to-month,digital_wallet,yes,0
C001583,30,91.58,2448.23,3,1.6,30.96,month-to-month,cash,yes,0
C001584,46,49.65,2345.15,0,0.16,54.67,month-to-month,card,no,0
C001585,23,74.43,1916.02,2,6.57,66.95,month-to-month,bank_transfer,yes,0
C001586,59,78.8,3971.57,0,13.25,30.4,month-to-month,card,yes,0
C001587,6,66.15,452.51,2,3.66,35.11,one_year,card,yes,1
C001588,62,80.11,5538.27,3,4.88,42.12,one_year,card,no,0
C001589,3,63.34,202.28,3,2.86,50.75,one_year,card,yes,0
C001590,53,53.77,3028.81,0,2.78,68.88,one_year,bank_transfer,yes,0
C001591,25,110.14,3057.18,3,2.98,48.47,month-to-month,bank_transfer,no,1
C001592,28,96.22,2428.34,3,1.21,56.11,one_year,digital_wallet,no,0
C001593,2,50.98,108.07,4,2.59,99.92,month-to-month,bank_transfer,yes,0
C001594,50,84.21,4012.8,2,1.75,35.87,one_year,card,yes,0
C001595,12,51.43,686.75,2,6.97,41.94,month-to-month,bank_transfer,yes,0
C001596,47,40.38,1916.97,0,4.97,68.56,one_year,digital_wallet,yes,0
C001597,52,95.85,5381.4,3,3.3,74.76,two_year,bank_transfer,yes,0
C001598,61,27.4,1504.3,3,0.81,63.3,month-to-month,bank_transfer,yes,0
C001599,51,93.17,4384.01,1,3.71,91.18,month-to-month,card,yes,0
C001600,22,63.68,1543.14,2,0.08,61.35,two_year,card,yes,0
C001601,53,64.71,3321.91,4,3.55,15.48,month-to-month,cash,no,0
C001602,59,80.24,4773.9,3,1.35,56.94,month-to-month,card,no,0
C001603,23,84.53,2075.73,1,1.14,43.58,month-to-month,card,yes,0
C001604,9,49.34,400.07,4,1.83,82.68,month-to-month,card,yes,0
C001605,64,87.94,5294.92,1,1.14,74.29,month-to-month,bank_transfer,no,0
C001606,11,72.83,759.27,0,1.6,23.21,two_year,digital_wallet,yes,0
C001607,43,38.6,1867.21,1,1.74,82.01,one_year,digital_wallet,yes,0
C001608,17,65.75,996.27,2,6.78,73.79,month-to-month,digital_wallet,yes,0
C001609,9,104.53,904.47,0,1.02,48.51,one_year,card,yes,0
C001610,56,111.91,7130.83,1,4.53,53.43,two_year,card,yes,0
C001611,11,87.93,1064.44,6,8.3,82.84,month-to-month,cash,yes,1
C001612,48,40.24,2030.37,4,5.63,15.57,one_year,bank_transfer,yes,0
C001613,50,82.27,4173.64,3,13.45,63.91,month-to-month,digital_wallet,yes,1
C001614,5,91.27,502.73,1,3.76,76.87,month-to-month,bank_transfer,no,0
C001615,13,88.14,1299.31,4,23.19,53.23,one_year,card,yes,0
C001616,57,89.62,5758.48,3,1.67,67.96,one_year,cash,yes,0
C001617,37,79.08,3048.14,0,3.09,57.06,two_year,card,no,1
C001618,9,68.19,655.66,4,13.2,39.32,month-to-month,bank_transfer,yes,0
C001619,71,54.79,4211.44,7,0.18,38.82,month-to-month,card,yes,0
C001620,19,22.55,468.25,1,0.72,69.24,month-to-month,bank_transfer,yes,0
C001621,1,78.49,83.98,6,0.15,42.29,month-to-month,bank_transfer,yes,1
C001622,66,74.65,4453.92,2,16.59,24.51,month-to-month,card,yes,0
C001623,2,83.94,180.95,2,4.53,57.45,month-to-month,cash,no,0
C001624,40,36.56,1414.36,1,0.07,44.74,one_year,card,yes,0
C001625,71,86.13,5564.19,3,0.31,31.02,month-to-month,bank_transfer,yes,0
C001626,42,121.36,4489.47,4,2.49,56.43,month-to-month,card,no,0
C001627,42,71.96,2786.91,1,4.57,70.35,month-to-month,digital_wallet,yes,1
C001628,28,68.46,1921.29,1,1.86,55.4,one_year,bank_transfer,yes,0
C001629,10,77.73,718.23,2,4.18,33.68,month-to-month,bank_transfer,yes,0
C001630,41,120.81,5199.68,1,4.39,64.64,month-to-month,digital_wallet,yes,0
C001631,64,44.41,3238.13,2,8.45,75.7,month-to-month,digital_wallet,yes,0
C001632,7,75.08,453.67,4,3.04,99.26,month-to-month,cash,yes,0
C001633,63,50.01,2801.45,1,0.25,83.84,month-to-month,digital_wallet,no,0
C001634,30,56.32,1561.64,4,0.65,34.89,one_year,card,yes,0
C001635,39,68.76,2926.51,2,2.01,72.16,month-to-month,digital_wallet,yes,0
C001636,12,103.68,1158.82,3,3.8,60.13,month-to-month,card,no,1
C001637,45,115.02,4697.11,4,5.17,31.96,month-to-month,card,yes,0
C001638,13,81.2,945.71,4,10.58,60.68,month-to-month,bank_transfer,no,0
C001639,20,60.59,1084.44,2,7.65,93.37,two_year,bank_transfer,yes,0
C001640,52,132.32,7334.3,5,1.39,78.92,one_year,bank_transfer,yes,0
C001641,4,59.31,252.06,1,11.34,34.73,month-to-month,bank_transfer,yes,0
C001642,32,55.72,1682.06,4,12.89,55.27,one_year,bank_transfer,yes,0
C001643,43,25.63,1085.22,5,0.51,64.83,month-to-month,cash,yes,0
C001644,10,104.9,1089.37,4,6.62,20.4,month-to-month,card,yes,0
C001645,21,94.21,2260.28,3,0.87,21.09,month-to-month,card,yes,1
C001646,25,130.45,3499.01,2,11.87,58.09,one_year,card,no,1
C001647,48,35.26,1846.44,0,2.68,58.35,one_year,card,yes,0
C001648,70,106.45,8519.78,2,2.2,18.22,month-to-month,cash,yes,0
C001649,60,71.75,4151.63,2,1.26,62.76,one_year,card,no,0
C001650,14,90.15,1098.98,2,3.66,76.74,month-to-month,card,yes,1
C001651,2,28.81,61.88,2,2.75,50.63,month-to-month,bank_transfer,no,0
C001652,4,106.7,378.29,1,3.17,56.2,month-to-month,card,yes,0
C001653,43,89.66,3784.48,2,8.62,66.43,month-to-month,bank_transfer,yes,0
C001654,12,69.03,887.56,3,0.72,63.78,month-to-month,cash,yes,0
C001655,17,86.13,1489.81,3,1.61,21.63,two_year,digital_wallet,yes,0
C001656,61,50.86,2978.96,0,2.96,36.9,month-to-month,bank_transfer,yes,0
C001657,63,55.51,3512.44,1,3.5,47.08,month-to-month,digital_wallet,yes,0
C001658,60,58.41,3236.95,3,1.27,37.78,month-to-month,digital_wallet,yes,0
C001659,19,23.68,392.47,4,2.51,84.34,month-to-month,card,yes,0
C001660,44,91.54,3922.19,3,6.75,67.69,month-to-month,digital_wallet,yes,0
C001661,44,99.79,3808.95,2,43.47,32.81,month-to-month,bank_transfer,yes,1
C001662,14,52.47,840.23,1,0.07,50.71,month-to-month,digital_wallet,yes,0
C001663,40,78.71,3098.75,1,15.7,77.61,month-to-month,card,no,0
C001664,38,63.36,2683.93,2,1.61,42.08,month-to-month,digital_wallet,no,0
C001665,29,78.21,2575.39,3,3.16,72.03,one_year,digital_wallet,no,0
C001666,54,54.31,2888.23,3,5.67,82.66,two_year,digital_wallet,yes,0
C001667,49,47.91,2291.71,2,7.3,79.32,month-to-month,card,yes,0
C001668,38,96.3,4091.39,3,30.58,58.61,one_year,card,yes,0
C001669,52,68.4,3060.43,2,14.49,80.02,one_year,digital_wallet,yes,0
C001670,55,120.55,6604.95,3,0.76,44.56,one_year,bank_transfer,no,0
C001671,41,71.16,2714.95,2,0.88,100.0,one_year,cash,yes,0
C001672,20,46.85,1008.01,1,4.6,59.82,month-to-month,bank_transfer,yes,0
C001673,54,100.67,5985.54,2,1.04,77.94,two_year,card,yes,0
C001674,51,85.77,4531.75,3,6.82,47.76,month-to-month,digital_wallet,yes,0
C001675,70,88.17,5999.71,3,15.78,64.99,month-to-month,digital_wallet,yes,0
C001676,11,99.77,1115.52,1,1.09,65.87,one_year,bank_transfer,no,0
C001677,30,53.68,1646.22,1,0.72,36.42,two_year,digital_wallet,yes,0
C001678,66,66.82,4588.82,1,2.26,35.83,month-to-month,card,no,0
C001679,37,65.71,2739.37,0,5.55,50.91,two_year,card,yes,0
C001680,67,37.73,2337.73,0,16.55,77.11,one_year,card,yes,0
C001681,1,63.41,57.73,0,1.22,18.37,one_year,card,yes,1
C001682,3,103.41,281.4,1,3.55,47.74,one_year,digital_wallet,yes,0
C001683,57,75.93,4584.33,1,10.32,81.2,one_year,card,yes,0
C001684,26,36.35,1059.85,2,5.52,30.36,month-to-month,digital_wallet,yes,0
C001685,37,31.1,1091.05,3,8.9,80.08,one_year,card,yes,0
C001686,31,111.62,3377.86,2,4.57,32.44,month-to-month,digital_wallet,yes,0
C001687,29,67.74,2240.45,3,0.59,36.67,two_year,bank_transfer,yes,0
C001688,67,53.81,3221.9,3,5.37,52.06,one_year,card,yes,0
C001689,7,63.15,492.39,5,1.01,92.47,one_year,bank_transfer,yes,0
C001690,55,33.07,2069.29,3,14.52,42.2,month-to-month,cash,yes,1
C001691,64,105.58,7364.07,0,4.07,20.34,month-to-month,cash,yes,0
C001692,47,60.17,2689.36,2,0.95,26.96,month-to-month,card,no,0
C001693,29,104.19,3160.57,3,7.15,73.64,month-to-month,bank_transfer,yes,1
C001694,12,71.29,801.96,2,7.21,27.91,one_year,card,no,1
C001695,49,105.74,4591.82,4,7.3,78.76,two_year,bank_transfer,yes,0
C001696,34,76.42,2292.15,1,5.43,56.4,one_year,card,yes,0
C001697,11,91.33,856.76,0,7.55,54.35,month-to-month,cash,yes,0
C001698,26,87.98,2615.67,1,8.74,60.95,two_year,bank_transfer,yes,0
C001699,69,85.58,6179.91,1,7.69,38.98,two_year,card,no,0
C001700,19,78.7,1415.08,0,8.9,57.76,one_year,cash,no,0
C001701,13,64.18,854.12,1,0.38,31.14,month-to-month,digital_wallet,yes,0
C001702,49,117.89,5982.75,2,0.51,81.98,one_year,card,yes,0
C001703,15,47.33,642.37,3,11.46,34.45,month-to-month,digital_wallet,yes,0
C001704,66,70.11,4334.03,1,7.05,63.78,month-to-month,bank_transfer,yes,0
C001705,61,70.37,4353.59,3,7.2,34.3,one_year,bank_transfer,yes,0
C001706,70,80.06,6175.56,2,2.92,44.34,one_year,card,yes,0
C001707,65,59.26,3424.05,1,0.72,47.52,month-to-month,card,yes,0
C001708,18,77.87,1552.31,1,10.09,100.0,two_year,card,yes,0
C001709,16,65.78,1086.87,3,6.52,54.71,two_year,digital_wallet,yes,0
C001710,25,30.45,758.92,1,9.82,38.57,one_year,card,yes,0
C001711,34,70.24,2133.03,4,11.16,46.11,month-to-month,bank_transfer,yes,1
C001712,63,42.49,2716.68,1,2.6,24.91,month-to-month,cash,yes,0
C001713,53,26.64,1349.94,1,17.62,51.74,one_year,cash,yes,0
C001714,46,73.42,3062.26,3,1.62,92.02,one_year,digital_wallet,yes,0
C001715,63,82.2,5768.71,1,2.63,61.72,month-to-month,digital_wallet,yes,0
C001716,46,83.17,3780.45,1,7.46,73.07,month-to-month,cash,yes,0
C001717,27,84.18,1986.3,2,5.3,36.8,month-to-month,digital_wallet,yes,0
C001718,30,21.69,611.94,1,0.87,50.93,month-to-month,bank_transfer,yes,0
C001719,37,35.97,1203.88,0,0.77,59.08,one_year,card,yes,0
C001720,7,119.34,945.45,1,7.46,40.49,month-to-month,card,yes,1
C001721,53,43.82,2143.43,1,2.89,63.0,month-to-month,bank_transfer,yes,0
C001722,47,85.27,4015.43,3,3.71,67.31,month-to-month,card,yes,0
C001723,52,52.83,2949.31,0,0.44,65.86,two_year,card,yes,0
C001724,38,71.99,2455.43,1,15.23,51.98,month-to-month,card,yes,0
C001725,56,54.17,2976.56,1,0.38,76.82,month-to-month,bank_transfer,yes,0
C001726,68,84.04,5977.4,1,0.94,49.85,one_year,card,yes,0
C001727,41,73.42,3355.12,2,0.47,48.02,two_year,card,no,0
C001728,32,58.79,1968.35,0,0.94,83.83,month-to-month,bank_transfer,yes,0
C001729,8,43.75,305.88,1,0.67,32.86,month-to-month,card,yes,1
C001730,56,76.69,4064.97,0,1.16,20.94,one_year,bank_transfer,yes,0
C001731,65,39.68,2463.98,1,5.13,37.64,month-to-month,card,no,0
C001732,50,80.69,3899.13,0,1.81,62.74,two_year,digital_wallet,yes,0
C001733,62,135.66,9525.39,2,2.25,80.67,one_year,digital_wallet,yes,0
C001734,62,103.75,5536.75,4,0.21,41.79,month-to-month,card,yes,0
C001735,57,87.96,4716.1,2,5.16,91.3,two_year,digital_wallet,yes,0
C001736,36,67.86,2437.42,1,12.14,55.54,one_year,digital_wallet,no,0
C001737,8,21.53,150.88,5,7.09,52.69,month-to-month,cash,yes,1
C001738,1,36.94,36.76,6,1.62,38.0,month-to-month,digital_wallet,no,0
C001739,15,102.07,1350.6,1,4.53,94.03,one_year,bank_transfer,no,0
C001740,31,50.26,1715.81,1,6.86,51.99,two_year,card,yes,0
C001741,53,52.52,2591.5,2,6.28,28.36,month-to-month,card,no,0
C001742,33,65.86,2188.34,0,8.26,100.0,month-to-month,card,yes,0
C001743,2,43.45,89.98,1,0.32,62.87,two_year,bank_transfer,yes,0
C001744,15,39.33,555.58,0,8.22,70.98,month-to-month,cash,yes,0
C001745,70,68.74,4597.04,2,3.19,88.63,month-to-month,card,yes,0
C001746,71,47.71,3398.22,3,1.22,67.29,month-to-month,bank_transfer,yes,0
C001747,27,51.47,1517.16,2,7.42,74.5,one_year,cash,yes,0
C001748,58,50.47,2885.73,5,4.76,56.09,one_year,card,yes,0
C001749,52,83.06,4307.27,0,23.55,69.67,month-to-month,card,yes,0
C001750,67,64.2,4424.89,0,3.22,54.32,month-to-month,card,yes,0
C001751,64,65.54,4100.18,1,16.77,54.6,one_year,card,yes,0
C001752,45,84.92,4080.76,1,2.1,57.39,one_year,bank_transfer,yes,0
C001753,29,66.45,1640.81,1,0.32,47.06,month-to-month,bank_transfer,yes,0
C001754,45,63.04,2822.51,1,10.9,65.09,month-to-month,bank_transfer,yes,0
C001755,23,81.76,2119.15,3,8.35,65.04,one_year,card,no,0
C001756,25,86.7,2242.99,2,15.29,71.38,month-to-month,digital_wallet,no,0
C001757,44,66.32,2906.31,1,3.76,67.79,month-to-month,card,yes,0
C001758,41,72.02,3193.58,1,6.01,95.0,two_year,bank_transfer,yes,0
C001759,42,50.46,2051.1,1,0.24,76.05,two_year,card,yes,0
C001760,28,48.48,1344.18,2,19.24,50.85,month-to-month,digital_wallet,yes,1
C001761,30,89.23,2432.06,3,0.37,64.06,two_year,bank_transfer,yes,0
C001762,1,81.12,71.98,2,5.92,83.25,one_year,card,no,0
C001763,43,81.38,3001.32,3,0.6,36.0,two_year,bank_transfer,yes,0
C001764,41,77.02,3377.2,1,18.62,95.28,two_year,bank_transfer,yes,0
C001765,67,71.16,4721.9,1,14.22,39.51,one_year,digital_wallet,yes,0
C001766,36,87.41,3561.53,0,0.63,73.01,month-to-month,cash,no,0
C001767,34,93.38,2867.03,3,0.69,55.13,month-to-month,card,yes,0
C001768,5,92.78,428.27,1,1.38,53.98,month-to-month,bank_transfer,yes,0
C001769,14,67.48,984.05,2,13.39,28.94,month-to-month,card,yes,1
C001770,25,104.67,2267.2,1,1.38,73.15,one_year,digital_wallet,no,0
C001771,27,75.71,2046.3,1,4.48,29.23,month-to-month,card,yes,0
C001772,26,85.81,1979.1,1,4.75,26.14,two_year,bank_transfer,yes,0
C001773,28,77.05,1938.3,3,0.1,78.19,two_year,digital_wallet,yes,0
C001774,55,76.18,4204.84,3,0.9,90.79,month-to-month,card,no,0
C001775,10,51.61,526.76,3,4.12,41.66,one_year,digital_wallet,yes,1
C001776,24,87.53,1919.32,1,1.4,75.06,one_year,card,yes,0
C001777,12,141.13,1577.36,2,1.23,70.93,one_year,cash,yes,0
C001778,22,60.63,1247.47,1,0.2,53.17,two_year,digital_wallet,yes,0
C001779,49,71.77,3139.05,1,1.64,81.72,month-to-month,card,yes,0
C001780,4,58.84,268.27,5,2.22,51.73,month-to-month,card,yes,0
C001781,25,57.8,1528.31,3,0.19,65.35,month-to-month,bank_transfer,yes,0
C001782,2,108.61,191.86,1,4.19,29.92,month-to-month,digital_wallet,yes,1
C001783,68,53.18,3461.0,0,2.98,30.78,month-to-month,card,yes,0
C001784,52,58.15,2726.71,2,0.71,78.38,one_year,cash,yes,0
C001785,18,30.31,502.15,0,5.12,66.02,one_year,digital_wallet,yes,0
C001786,15,51.06,866.87,1,7.6,52.15,month-to-month,cash,yes,0
C001787,8,27.29,194.53,0,3.71,93.16,month-to-month,card,no,0
C001788,34,85.8,3249.41,4,1.02,92.95,month-to-month,bank_transfer,yes,1
C001789,54,139.99,8334.83,3,5.12,63.78,month-to-month,card,yes,0
C001790,42,60.83,2741.76,1,5.24,25.89,month-to-month,card,yes,0
C001791,63,28.33,1783.1,0,0.52,52.77,month-to-month,card,yes,0
C001792,25,92.5,2144.87,1,0.87,38.35,one_year,card,yes,0
C001793,20,51.83,1139.46,3,0.09,56.79,two_year,digital_wallet,no,0
C001794,34,102.48,3833.66,3,0.72,36.27,month-to-month,card,yes,1
C001795,15,62.95,951.41,1,1.08,31.08,one_year,card,yes,0
C001796,70,54.2,3279.37,1,2.72,9.75,two_year,bank_transfer,yes,0
C001797,14,65.55,833.18,1,15.86,58.35,month-to-month,digital_wallet,yes,0
C001798,34,88.94,2621.37,3,1.25,9.02,month-to-month,digital_wallet,yes,1
C001799,38,64.31,2209.21,3,3.77,48.6,month-to-month,bank_transfer,yes,0
C001800,5,57.58,288.64,3,7.65,68.89,month-to-month,card,yes,0
C001801,34,65.03,2445.92,0,0.02,40.56,month-to-month,bank_transfer,yes,0
C001802,33,38.2,1318.68,0,9.57,33.3,one_year,bank_transfer,yes,0
C001803,19,79.93,1564.56,0,1.65,53.64,month-to-month,card,no,0
C001804,10,25.33,272.16,0,4.23,38.43,month-to-month,card,yes,0
C001805,4,58.9,245.48,1,10.51,58.71,month-to-month,cash,no,0
C001806,1,88.98,87.47,4,0.96,34.34,month-to-month,card,yes,1
C001807,35,77.58,2972.05,2,2.08,52.91,month-to-month,card,yes,0
C001808,7,84.76,559.52,4,0.34,48.07,month-to-month,card,yes,0
C001809,69,68.37,5323.72,0,5.24,54.77,month-to-month,digital_wallet,no,0
C001810,18,99.24,1580.7,0,3.65,87.7,month-to-month,bank_transfer,yes,0
C001811,47,93.12,4557.29,1,3.68,59.0,one_year,cash,yes,0
C001812,48,81.15,3895.97,1,3.07,65.09,month-to-month,digital_wallet,yes,0
C001813,36,93.19,3280.07,3,0.75,42.5,one_year,digital_wallet,no,0
C001814,63,88.76,5474.01,3,1.04,59.47,one_year,card,yes,0
C001815,8,59.01,407.27,2,8.22,49.5,month-to-month,card,no,0
C001816,17,36.4,665.54,2,3.76,55.59,month-to-month,digital_wallet,no,0
C001817,18,80.51,1384.97,2,9.14,67.98,one_year,cash,yes,0
C001818,10,83.65,830.66,1,2.27,45.0,month-to-month,digital_wallet,no,0
C001819,21,97.26,2255.49,2,11.66,47.04,one_year,cash,yes,0
C001820,23,46.59,1096.4,2,3.5,45.27,one_year,bank_transfer,yes,0
C001821,55,47.34,2878.16,1,2.36,44.89,month-to-month,bank_transfer,yes,0
C001822,22,81.5,1597.74,2,2.14,58.46,month-to-month,bank_transfer,no,0
C001823,63,68.22,4016.59,4,5.26,47.72,one_year,bank_transfer,yes,0
C001824,55,22.86,1154.47,0,0.11,84.96,one_year,card,yes,0
C001825,65,79.38,5757.54,1,5.28,100.0,month-to-month,card,yes,0
C001826,8,23.69,205.52,1,0.36,43.64,one_year,card,yes,0
C001827,70,46.37,3571.13,1,6.3,60.88,month-to-month,card,yes,0
C001828,44,103.79,4660.95,2,15.35,75.76,two_year,card,yes,0
C001829,70,115.62,7415.5,2,1.88,49.69,one_year,digital_wallet,yes,0
C001830,26,39.61,991.82,3,3.34,35.11,month-to-month,bank_transfer,yes,0
C001831,68,61.77,4263.41,1,12.53,89.76,month-to-month,bank_transfer,yes,0
C001832,42,71.07,2554.03,2,0.81,68.72,month-to-month,digital_wallet,no,0
C001833,6,114.53,715.97,2,19.19,61.37,one_year,bank_transfer,yes,1
C001834,30,57.68,1914.56,5,10.51,84.01,month-to-month,bank_transfer,yes,0
C001835,10,58.08,550.4,1,1.88,70.4,month-to-month,bank_transfer,no,0
C001836,67,108.72,7677.0,3,3.77,54.04,one_year,card,yes,0
C001837,22,60.63,1327.29,5,3.52,35.47,month-to-month,bank_transfer,yes,0
C001838,16,88.06,1199.23,0,9.31,45.13,month-to-month,digital_wallet,yes,0
C001839,40,33.07,1237.13,1,2.79,79.1,one_year,card,yes,0
C001840,31,65.72,2054.32,4,4.72,68.64,month-to-month,digital_wallet,yes,1
C001841,7,28.51,213.04,4,0.68,51.27,one_year,card,no,1
C001842,58,43.61,2455.28,0,5.88,90.33,month-to-month,bank_transfer,yes,0
C001843,61,90.98,5027.4,1,1.6,51.86,month-to-month,digital_wallet,yes,0
C001844,53,68.75,3164.03,3,3.34,74.75,month-to-month,digital_wallet,yes,0
C001845,44,62.02,2904.75,1,4.02,59.4,month-to-month,bank_transfer,no,0
C001846,29,51.28,1426.95,2,0.14,93.66,two_year,bank_transfer,yes,0
C001847,39,64.48,2625.84,1,1.45,70.06,month-to-month,card,yes,0
C001848,37,77.53,2629.08,2,10.98,55.92,month-to-month,digital_wallet,yes,0
C001849,12,94.57,1221.59,0,2.54,51.42,two_year,bank_transfer,yes,0
C001850,6,15.0,85.8,2,4.08,54.69,month-to-month,card,yes,0
C001851,18,49.21,766.77,0,0.42,40.49,two_year,card,no,0
C001852,33,73.98,2448.75,0,21.27,27.67,month-to-month,cash,yes,0
C001853,12,67.53,866.61,1,14.62,61.17,month-to-month,card,yes,0
C001854,8,80.08,723.8,2,3.43,44.33,month-to-month,digital_wallet,no,1
C001855,61,76.69,5338.8,1,0.15,44.28,month-to-month,card,no,0
C001856,27,62.38,1662.19,1,8.83,53.22,two_year,card,no,0
C001857,42,56.83,2466.91,2,2.49,56.04,two_year,bank_transfer,yes,0
C001858,38,63.86,2468.43,3,1.46,55.15,one_year,bank_transfer,no,0
C001859,53,98.72,5284.73,4,3.55,89.77,month-to-month,bank_transfer,yes,0
C001860,53,51.7,2423.23,1,14.79,68.25,month-to-month,card,no,0
C001861,22,68.43,1582.63,4,2.05,97.16,month-to-month,bank_transfer,yes,0
C001862,61,74.58,5184.63,2,1.05,46.22,month-to-month,digital_wallet,yes,0
C001863,27,109.01,2613.71,3,10.28,70.67,month-to-month,card,yes,1
C001864,60,62.49,3537.9,2,3.4,47.33,month-to-month,bank_transfer,yes,0
C001865,29,93.97,2379.36,3,2.25,43.78,month-to-month,card,yes,0
C001866,8,100.8,782.88,1,3.39,97.91,one_year,card,no,0
C001867,54,68.41,3673.62,2,2.02,39.64,month-to-month,card,yes,0
C001868,3,64.73,185.92,2,3.03,10.37,month-to-month,card,no,0
C001869,55,61.77,3373.68,1,6.88,40.84,month-to-month,digital_wallet,yes,0
C001870,4,63.6,277.54,3,1.05,14.83,one_year,cash,yes,0
C001871,15,91.36,1252.73,3,2.03,35.97,one_year,card,yes,0
C001872,43,75.78,3510.5,3,7.02,37.83,month-to-month,card,yes,1
C001873,67,75.88,5531.44,1,2.33,55.71,two_year,cash,yes,0
C001874,30,41.87,1286.66,3,6.69,14.01,one_year,card,yes,0
C001875,9,45.81,389.47,5,0.64,78.92,month-to-month,card,no,1
C001876,17,123.59,2376.09,2,3.48,17.48,month-to-month,digital_wallet,yes,1
C001877,64,65.55,4024.18,2,0.32,52.44,two_year,card,yes,0
C001878,52,50.63,2277.31,1,3.71,48.52,month-to-month,bank_transfer,yes,0
C001879,8,105.78,753.83,5,0.36,71.51,month-to-month,cash,yes,0
C001880,28,77.05,2410.7,2,2.52,62.03,month-to-month,bank_transfer,no,0
C001881,19,84.45,1436.13,0,5.45,78.74,month-to-month,digital_wallet,yes,0
C001882,13,66.55,851.48,2,3.53,47.77,one_year,card,no,0
C001883,61,62.03,4001.95,3,5.18,45.71,one_year,card,yes,0
C001884,44,65.76,2957.38,0,2.82,63.26,one_year,digital_wallet,yes,0
C001885,13,35.43,481.8,3,0.32,75.58,one_year,cash,yes,0
C001886,47,67.8,3042.15,3,13.49,71.5,one_year,digital_wallet,yes,0
C001887,30,77.4,2435.04,2,0.24,61.44,month-to-month,card,yes,0
C001888,5,116.26,495.7,0,3.44,59.65,two_year,digital_wallet,yes,0
C001889,32,72.15,2144.82,0,8.15,54.27,month-to-month,card,yes,0
C001890,14,15.0,186.29,3,0.85,63.2,month-to-month,bank_transfer,no,0
C001891,18,67.65,1201.36,3,10.17,95.7,two_year,digital_wallet,no,0
C001892,63,138.49,7797.69,5,1.53,50.15,two_year,bank_transfer,yes,0
C001893,51,91.66,4741.05,3,0.28,47.71,month-to-month,bank_transfer,yes,0
C001894,10,49.73,449.64,2,0.03,46.18,month-to-month,digital_wallet,no,0
C001895,61,84.78,5038.42,1,0.67,62.79,month-to-month,digital_wallet,yes,0
C001896,41,51.45,1839.99,2,7.65,12.57,one_year,card,yes,0
C001897,63,36.15,2236.74,5,3.03,52.3,month-to-month,card,yes,0
C001898,54,61.29,3615.5,2,3.56,72.61,month-to-month,bank_transfer,no,0
C001899,25,72.29,1707.93,1,2.89,44.48,month-to-month,card,yes,0
C001900,38,23.2,936.01,2,3.84,58.73,two_year,card,yes,0
C001901,38,41.27,1533.48,2,0.74,97.19,two_year,card,yes,0
C001902,52,70.26,3362.12,1,1.04,61.63,two_year,card,yes,0
C001903,18,59.8,1012.87,2,8.29,10.22,one_year,bank_transfer,no,0
C001904,24,79.87,1803.36,1,1.26,26.8,month-to-month,cash,yes,0
C001905,18,39.63,765.27,0,0.86,49.98,month-to-month,digital_wallet,no,0
C001906,22,87.85,1759.36,1,7.82,38.92,month-to-month,bank_transfer,yes,0
C001907,12,40.41,554.37,1,6.13,57.07,month-to-month,card,yes,0
C001908,3,111.07,351.95,4,7.69,49.11,one_year,digital_wallet,yes,1
C001909,67,27.11,1762.25,3,0.39,78.32,month-to-month,bank_transfer,yes,0
C001910,6,42.69,294.38,3,0.58,33.17,two_year,digital_wallet,yes,1
C001911,64,80.43,4709.47,3,4.37,50.85,month-to-month,bank_transfer,yes,0
C001912,1,111.61,120.41,1,3.22,59.35,month-to-month,digital_wallet,yes,0
C001913,56,77.88,4061.37,4,2.18,61.82,one_year,card,yes,0
C001914,24,84.07,2044.08,3,5.17,57.94,one_year,digital_wallet,yes,0
C001915,37,70.44,2257.84,6,10.4,6.77,month-to-month,digital_wallet,yes,0
C001916,21,44.34,1027.92,2,5.21,56.67,one_year,card,yes,0
C001917,35,57.75,1939.97,2,13.69,51.98,one_year,cash,no,0
C001918,33,39.7,1343.38,3,1.41,72.28,month-to-month,card,yes,0
C001919,38,38.03,1630.48,1,1.06,69.46,month-to-month,card,yes,0
C001920,28,80.04,1925.38,1,0.77,59.82,two_year,digital_wallet,yes,0
C001921,39,41.92,1864.45,0,7.36,61.26,month-to-month,bank_transfer,yes,0
C001922,59,77.99,4636.1,1,11.2,82.05,month-to-month,card,yes,0
C001923,31,37.45,1258.88,1,5.25,78.01,month-to-month,card,yes,0
C001924,26,77.41,1996.37,4,0.29,60.51,month-to-month,card,no,0
C001925,10,57.78,632.59,4,1.22,97.91,two_year,card,no,0
C001926,26,105.17,3046.47,3,0.12,42.44,month-to-month,bank_transfer,no,0
C001927,9,78.09,677.89,0,17.54,31.29,two_year,card,yes,0
C001928,13,100.89,1399.23,0,1.97,54.78,two_year,bank_transfer,yes,0
C001929,68,51.11,3995.27,1,0.5,47.52,month-to-month,bank_transfer,yes,0
C001930,7,71.4,538.38,2,4.84,5.69,one_year,digital_wallet,yes,0
C001931,35,45.47,1809.69,1,1.27,41.95,two_year,cash,yes,0
C001932,60,59.66,3833.69,6,14.05,61.87,two_year,card,yes,0
C001933,68,63.45,4094.24,3,4.85,53.84,one_year,card,yes,0
C001934,11,51.85,626.37,1,5.43,39.47,month-to-month,card,yes,0
C001935,12,39.61,499.07,2,3.79,55.85,month-to-month,card,yes,0
C001936,27,34.66,804.78,3,0.77,57.46,month-to-month,bank_transfer,yes,0
C001937,40,15.0,541.04,0,0.39,69.3,one_year,card,no,0
C001938,69,43.59,2792.39,5,2.48,42.17,month-to-month,digital_wallet,yes,0
C001939,15,85.69,1379.23,2,12.38,72.48,one_year,cash,yes,1
C001940,12,30.04,392.58,1,0.05,33.19,one_year,card,no,0
C001941,18,35.8,707.53,1,18.8,44.93,month-to-month,card,yes,0
C001942,63,114.77,6291.87,2,4.44,88.98,two_year,digital_wallet,no,0
C001943,3,54.09,141.44,1,1.35,34.52,month-to-month,digital_wallet,no,0
C001944,27,78.03,1979.95,1,5.69,41.82,month-to-month,card,no,0
C001945,9,86.06,816.63,1,1.57,29.94,one_year,bank_transfer,yes,0
C001946,12,86.56,1145.39,2,0.48,38.45,month-to-month,card,yes,1
C001947,66,31.94,2341.79,2,2.38,57.77,month-to-month,bank_transfer,yes,0
C001948,1,64.22,58.59,6,1.33,69.13,two_year,digital_wallet,yes,0
C001949,23,29.54,734.03,7,14.46,54.63,two_year,card,yes,0
C001950,65,131.16,8885.31,2,1.51,48.51,one_year,card,yes,0
C001951,44,30.13,1495.34,2,1.59,30.14,month-to-month,bank_transfer,no,0
C001952,6,43.8,284.34,4,1.88,40.46,month-to-month,bank_transfer,yes,0
C001953,34,43.98,1508.33,5,4.82,24.08,month-to-month,digital_wallet,yes,1
C001954,69,32.58,2439.27,3,4.21,69.73,month-to-month,bank_transfer,yes,0
C001955,29,103.81,2837.47,1,10.86,71.12,two_year,digital_wallet,yes,0
C001956,38,130.56,5387.22,1,6.03,54.19,month-to-month,digital_wallet,yes,0
C001957,38,58.11,2394.29,2,0.41,63.83,one_year,digital_wallet,yes,0
C001958,47,36.99,1923.76,2,12.71,72.52,month-to-month,card,yes,0
C001959,14,15.0,193.77,4,0.36,57.02,month-to-month,card,yes,0
C001960,60,63.9,4235.24,2,0.78,82.87,month-to-month,bank_transfer,yes,0
C001961,71,62.09,3970.76,1,0.74,34.52,month-to-month,card,yes,0
C001962,11,53.72,639.09,1,9.25,48.03,month-to-month,card,yes,0
C001963,59,75.53,5031.31,0,8.29,45.65,two_year,card,no,0
C001964,59,79.88,4056.56,2,7.03,67.94,one_year,cash,no,0
C001965,53,78.08,4294.52,2,18.5,26.32,one_year,digital_wallet,yes,0
C001966,27,62.1,1756.89,2,0.65,83.96,month-to-month,digital_wallet,no,0
C001967,34,42.46,1580.11,1,0.06,66.24,one_year,cash,yes,0
C001968,60,86.65,4579.3,1,0.44,90.01,one_year,digital_wallet,yes,0
C001969,11,70.31,868.44,2,1.22,54.19,month-to-month,bank_transfer,no,0
C001970,59,92.21,6246.24,1,4.95,43.99,one_year,bank_transfer,yes,0
C001971,66,89.75,6229.47,1,5.52,68.14,two_year,digital_wallet,yes,1
C001972,49,34.46,1652.85,0,0.08,75.61,two_year,digital_wallet,no,0
C001973,25,34.14,888.19,2,7.64,40.71,two_year,digital_wallet,yes,0
C001974,40,51.11,1771.34,3,6.43,15.05,month-to-month,bank_transfer,yes,1
C001975,4,43.59,187.61,1,1.4,18.47,month-to-month,digital_wallet,yes,0
C001976,67,88.88,5186.79,0,12.1,60.23,month-to-month,bank_transfer,yes,0
C001977,25,78.78,1864.74,3,7.71,85.8,month-to-month,card,yes,0
C001978,5,97.48,434.67,1,1.59,28.98,month-to-month,card,yes,1
C001979,57,79.91,4863.88,2,0.34,49.55,month-to-month,card,yes,0
C001980,47,75.22,3635.31,3,2.64,48.03,one_year,card,yes,0
C001981,45,99.99,4768.6,1,3.87,93.41,month-to-month,digital_wallet,yes,0
C001982,4,81.74,284.26,1,0.62,100.0,one_year,card,yes,0
C001983,54,71.7,3721.4,1,2.46,63.49,two_year,cash,yes,0
C001984,46,107.01,4783.96,3,8.74,72.96,month-to-month,card,yes,1
C001985,57,72.88,4281.75,1,3.53,72.4,month-to-month,card,yes,0
C001986,59,62.39,3241.94,1,8.26,29.39,one_year,bank_transfer,no,0
C001987,16,49.05,819.54,4,1.83,68.97,month-to-month,card,yes,1
C001988,15,87.58,1272.14,1,8.91,34.61,month-to-month,card,yes,0
C001989,66,100.93,7472.3,2,1.82,51.57,two_year,card,no,0
C001990,38,68.74,2572.61,3,8.52,77.79,month-to-month,bank_transfer,yes,1
C001991,32,102.7,2894.01,2,4.24,56.62,one_year,card,yes,0
C001992,21,20.75,383.9,2,0.5,77.05,two_year,bank_transfer,yes,0
C001993,46,68.61,2923.58,0,2.15,80.99,month-to-month,card,yes,0
C001994,54,69.0,3435.04,3,7.43,19.86,one_year,card,yes,0
C001995,1,51.83,56.44,2,1.21,11.45,month-to-month,card,yes,1
C001996,40,129.6,5529.71,0,7.66,78.24,month-to-month,card,yes,0
C001997,71,68.35,4236.25,3,0.51,79.05,month-to-month,digital_wallet,yes,0
C001998,20,59.81,1322.24,3,0.5,60.13,one_year,bank_transfer,yes,0
C001999,20,70.65,1241.78,3,2.83,62.84,one_year,bank_transfer,yes,0
C002000,63,19.93,1363.16,1,4.9,72.86,two_year,digital_wallet,no,0
C002001,5,51.0,225.3,1,8.46,72.49,one_year,card,no,0
C002002,29,94.58,2641.11,2,6.34,48.92,month-to-month,digital_wallet,yes,0
C002003,33,54.28,1925.95,1,5.72,74.12,two_year,digital_wallet,yes,0
C002004,57,49.28,2601.25,4,5.27,48.07,month-to-month,digital_wallet,yes,0
C002005,10,102.74,908.2,3,1.55,59.87,one_year,digital_wallet,no,0
C002006,31,103.51,3485.15,4,8.39,59.0,month-to-month,card,no,0
C002007,11,82.92,964.43,0,1.96,37.81,one_year,bank_transfer,yes,0
C002008,56,58.62,3668.18,2,3.08,40.14,two_year,bank_transfer,yes,0
C002009,45,64.01,3002.92,1,7.81,99.68,month-to-month,digital_wallet,yes,0
C002010,36,49.9,1566.68,2,1.01,37.16,month-to-month,card,no,0
C002011,28,45.13,1316.21,0,2.0,62.4,month-to-month,card,yes,0
C002012,11,43.89,529.5,2,1.66,66.6,month-to-month,cash,yes,0
C002013,66,54.55,3150.56,2,30.59,53.92,month-to-month,bank_transfer,yes,0
C002014,46,44.13,1808.2,3,6.13,68.43,one_year,card,yes,0
C002015,23,30.91,748.74,1,1.61,61.58,month-to-month,card,no,0
C002016,30,75.49,2462.47,3,0.97,37.59,month-to-month,bank_transfer,yes,0
C002017,52,75.86,3771.18,2,1.29,65.74,one_year,card,yes,0
C002018,52,112.52,6263.99,1,7.5,44.11,one_year,card,yes,0
C002019,33,53.29,1583.13,1,2.19,89.81,month-to-month,cash,yes,0
C002020,22,77.4,1674.25,2,1.14,63.58,two_year,card,yes,0
C002021,47,77.82,3929.52,4,8.39,41.0,two_year,card,yes,0
C002022,47,63.65,2721.57,2,3.32,61.85,two_year,digital_wallet,yes,0
C002023,43,88.61,3637.44,3,7.08,36.5,month-to-month,card,yes,0
C002024,6,89.38,557.05,4,7.77,60.16,month-to-month,card,yes,1
C002025,34,78.19,2535.48,2,3.36,50.49,month-to-month,bank_transfer,no,0
C002026,44,63.61,3112.95,1,9.41,38.46,two_year,digital_wallet,yes,0
C002027,68,61.06,4721.12,2,1.45,38.21,two_year,bank_transfer,yes,0
C002028,38,35.81,1418.71,1,0.17,100.0,one_year,digital_wallet,no,0
C002029,25,49.85,1351.89,4,2.21,56.83,month-to-month,digital_wallet,yes,0
C002030,40,54.45,2443.73,2,2.49,46.37,month-to-month,bank_transfer,yes,0
C002031,13,41.9,577.7,1,4.96,42.9,one_year,bank_transfer,no,0
C002032,7,81.0,613.48,1,3.65,64.42,month-to-month,digital_wallet,yes,0
C002033,49,99.92,4279.31,1,10.59,42.23,month-to-month,card,yes,0
C002034,71,47.3,3684.37,0,12.94,33.11,one_year,bank_transfer,yes,0
C002035,61,77.09,4384.23,2,4.35,54.35,one_year,card,yes,1
C002036,42,44.15,1615.44,3,9.35,54.2,month-to-month,card,yes,0
C002037,3,62.38,192.15,3,14.03,46.66,one_year,cash,yes,0
C002038,71,52.74,3437.74,2,4.54,37.17,month-to-month,card,yes,0
C002039,32,85.05,2378.48,4,2.38,47.18,month-to-month,card,yes,1
C002040,21,53.03,1150.24,1,8.0,45.61,month-to-month,card,yes,0
C002041,64,95.29,5364.17,1,9.52,42.83,month-to-month,bank_transfer,no,0
C002042,53,63.86,3777.58,0,10.82,60.53,month-to-month,digital_wallet,no,0
C002043,54,53.76,3311.73,1,0.48,99.52,month-to-month,card,yes,0
C002044,20,38.67,828.61,0,3.41,81.64,month-to-month,digital_wallet,yes,0
C002045,71,76.33,5074.21,1,2.85,93.84,month-to-month,bank_transfer,yes,0
C002046,33,92.38,3105.75,1,7.17,43.65,month-to-month,cash,yes,0
C002047,38,76.83,2509.2,2,3.4,88.49,one_year,digital_wallet,yes,0
C002048,54,125.97,7050.17,5,14.26,59.55,month-to-month,card,yes,1
C002049,47,105.74,4617.89,1,10.88,74.73,month-to-month,digital_wallet,yes,0
C002050,13,62.31,799.12,1,0.05,64.15,month-to-month,card,yes,0
C002051,22,62.05,1233.57,1,5.32,48.13,month-to-month,bank_transfer,yes,0
C002052,26,81.74,2435.52,3,2.92,69.39,one_year,card,yes,0
C002053,68,49.05,3042.61,3,1.62,64.7,two_year,card,yes,0
C002054,51,99.16,4931.0,4,7.23,19.64,month-to-month,cash,yes,0
C002055,27,79.04,1976.97,1,2.52,52.52,month-to-month,digital_wallet,no,0
C002056,53,76.41,4100.33,4,2.72,72.45,month-to-month,bank_transfer,no,0
C002057,53,87.17,5182.04,1,2.96,60.55,month-to-month,cash,no,0
C002058,28,113.07,2846.27,4,7.17,64.39,two_year,card,no,0
C002059,29,74.27,1921.84,2,3.17,39.97,one_year,card,yes,0
C002060,64,67.17,3749.79,4,0.26,60.12,one_year,digital_wallet,yes,0
C002061,40,107.72,4424.22,3,7.36,53.07,two_year,card,yes,0
C002062,11,94.19,1067.8,0,5.08,50.93,one_year,digital_wallet,no,0
C002063,52,61.98,3533.45,1,0.72,41.41,month-to-month,card,yes,0
C002064,42,70.13,3242.31,0,1.83,73.3,one_year,card,yes,0
C002065,37,74.88,2439.85,2,3.41,61.91,one_year,card,no,0
C002066,52,79.05,4616.58,2,7.54,59.89,month-to-month,card,yes,0
C002067,65,36.09,2577.3,2,1.34,96.02,one_year,card,yes,0
C002068,24,31.44,787.84,1,14.27,64.48,month-to-month,card,yes,0
C002069,30,47.82,1368.64,1,1.28,79.01,month-to-month,card,yes,0
C002070,14,45.88,689.67,0,1.08,60.46,one_year,digital_wallet,yes,0
C002071,46,53.9,2569.37,1,13.46,47.94,month-to-month,bank_transfer,no,0
C002072,29,85.87,2380.38,1,11.39,33.82,month-to-month,card,yes,0
C002073,25,65.78,1404.3,1,1.37,59.83,month-to-month,card,no,0
C002074,50,74.91,3849.39,4,4.5,1.73,one_year,card,yes,0
C002075,29,39.39,1168.59,0,7.4,60.45,two_year,card,yes,0
C002076,33,58.46,1729.23,4,0.11,61.31,one_year,bank_transfer,yes,0
C002077,32,84.68,3040.13,3,3.23,50.65,one_year,card,yes,0
C002078,19,84.87,1447.77,2,6.64,53.15,month-to-month,cash,no,0
C002079,9,51.89,437.14,4,16.45,29.98,one_year,card,yes,0
C002080,59,74.04,4200.69,1,5.4,82.71,month-to-month,bank_transfer,yes,0
C002081,7,124.97,922.82,1,0.86,48.25,month-to-month,digital_wallet,yes,0
C002082,24,69.56,1459.91,3,0.03,35.56,one_year,card,no,0
C002083,48,52.67,2681.67,3,0.71,65.89,month-to-month,card,yes,0
C002084,10,65.66,639.71,2,7.59,57.22,two_year,card,yes,0
C002085,47,72.3,3075.07,2,4.24,47.83,month-to-month,bank_transfer,yes,0
C002086,53,66.22,3101.26,4,3.55,45.72,one_year,digital_wallet,yes,0
C002087,48,69.22,3235.0,1,9.03,54.89,month-to-month,card,yes,0
C002088,22,33.91,734.01,2,3.7,81.92,one_year,digital_wallet,yes,0
C002089,2,45.93,81.87,1,0.42,64.39,one_year,bank_transfer,yes,0
C002090,64,66.27,4218.75,1,3.37,54.31,month-to-month,digital_wallet,yes,0
C002091,24,65.87,1582.0,2,11.8,72.05,two_year,card,yes,0
C002092,58,55.85,3706.43,1,0.57,55.55,one_year,digital_wallet,yes,0
C002093,15,65.57,1046.56,1,38.88,63.03,month-to-month,card,yes,1
C002094,12,71.53,732.69,3,9.28,58.02,one_year,card,yes,0
C002095,56,92.24,5129.33,1,0.94,66.8,month-to-month,bank_transfer,yes,0
C002096,67,67.52,3874.55,3,0.72,46.12,one_year,cash,yes,0
C002097,62,79.98,4975.29,2,8.4,32.21,month-to-month,card,yes,0
C002098,54,56.46,2900.61,3,20.14,73.14,one_year,card,yes,0
C002099,18,84.3,1701.13,1,0.03,85.1,month-to-month,cash,yes,0
C002100,65,79.39,5150.17,4,4.6,33.16,one_year,digital_wallet,yes,0
C002101,48,91.65,4860.75,1,3.24,58.59,two_year,digital_wallet,yes,0
C002102,13,87.84,1170.61,4,1.72,46.02,two_year,bank_transfer,no,1
C002103,10,84.72,820.88,1,1.25,72.67,one_year,bank_transfer,yes,0
C002104,62,67.54,3847.9,2,0.62,59.93,one_year,cash,yes,0
C002105,20,76.12,1377.75,0,2.11,100.0,month-to-month,card,no,0
C002106,55,96.59,5781.74,1,9.3,48.97,month-to-month,digital_wallet,yes,0
C002107,10,53.7,598.68,0,0.48,85.75,one_year,bank_transfer,yes,0
C002108,20,54.29,1028.49,3,12.45,87.69,one_year,cash,yes,0
C002109,21,74.54,1562.72,2,5.2,65.67,month-to-month,bank_transfer,yes,0
C002110,20,80.38,1505.15,2,0.31,55.74,one_year,card,yes,0
C002111,48,49.4,2339.27,3,6.64,56.9,month-to-month,digital_wallet,yes,0
C002112,65,68.13,4919.4,2,1.94,55.2,one_year,cash,no,0
C002113,65,67.65,3919.68,0,2.38,77.67,month-to-month,cash,no,0
C002114,53,15.0,745.27,1,4.64,37.55,two_year,card,yes,0
C002115,15,64.51,1024.34,1,4.24,51.78,month-to-month,card,no,1
C002116,69,66.07,4299.64,4,17.34,49.36,month-to-month,digital_wallet,yes,0
C002117,39,65.99,2250.32,3,7.03,20.48,one_year,bank_transfer,no,0
C002118,39,105.4,3955.64,6,3.33,72.18,month-to-month,card,yes,1
C002119,50,39.61,2085.04,2,2.58,76.26,month-to-month,card,yes,0
C002120,55,49.38,3110.53,1,1.81,42.32,one_year,card,yes,0
C002121,68,15.0,1140.0,1,0.13,75.6,two_year,card,yes,0
C002122,42,57.98,2480.24,1,8.72,23.33,one_year,card,no,0
C002123,44,60.11,2864.84,1,1.92,55.48,month-to-month,cash,yes,0
C002124,53,57.25,3099.26,4,5.65,52.47,month-to-month,digital_wallet,yes,0
C002125,19,97.69,1852.75,1,3.3,56.75,one_year,card,no,0
C002126,22,91.52,1814.4,3,6.94,56.65,one_year,bank_transfer,yes,0
C002127,45,71.95,3035.73,0,2.29,53.46,two_year,bank_transfer,yes,0
C002128,5,60.73,299.31,3,10.01,47.24,month-to-month,digital_wallet,no,1
C002129,23,95.65,2520.57,1,3.01,52.83,month-to-month,digital_wallet,yes,0
C002130,51,69.51,3660.26,1,0.31,82.26,two_year,card,yes,0
C002131,70,49.54,3930.88,4,1.78,43.43,month-to-month,cash,yes,0
C002132,37,27.09,929.9,5,3.54,100.0,two_year,card,yes,0
C002133,29,58.97,1488.92,2,10.21,42.3,month-to-month,digital_wallet,yes,0
C002134,32,88.87,3251.82,2,2.87,59.8,one_year,cash,yes,0
C002135,49,126.91,5900.9,0,0.23,66.42,month-to-month,digital_wallet,yes,0
C002136,39,71.54,2819.62,3,3.21,49.16,two_year,card,yes,0
C002137,2,50.87,88.64,1,3.89,82.65,two_year,card,yes,0
C002138,39,40.38,1744.91,2,3.26,65.9,month-to-month,card,yes,0
C002139,29,83.8,2066.14,0,26.51,50.9,one_year,card,yes,0
C002140,50,25.88,1451.87,5,2.46,82.43,month-to-month,card,yes,0
C002141,63,83.76,4747.06,2,7.1,34.69,month-to-month,card,yes,1
C002142,69,90.44,5647.97,3,6.14,43.69,one_year,bank_transfer,yes,0
C002143,44,80.91,3907.85,2,1.92,66.25,one_year,card,no,0
C002144,26,64.51,1619.97,0,0.3,71.03,month-to-month,bank_transfer,yes,0
C002145,32,84.12,2494.92,1,5.61,61.45,month-to-month,digital_wallet,yes,0
C002146,13,74.27,993.49,4,6.56,52.46,month-to-month,card,yes,1
C002147,67,50.55,3137.13,1,5.23,49.97,month-to-month,bank_transfer,yes,0
C002148,61,116.26,6637.74,1,4.05,77.63,month-to-month,digital_wallet,yes,0
C002149,61,61.21,3224.66,2,9.19,59.81,month-to-month,bank_transfer,yes,0
C002150,24,89.39,2170.82,0,2.49,37.56,one_year,bank_transfer,yes,0
C002151,23,15.0,306.64,4,1.34,36.4,month-to-month,digital_wallet,no,0
C002152,61,101.91,6845.34,1,2.98,85.27,two_year,bank_transfer,yes,0
C002153,39,106.72,4475.47,4,11.37,40.62,month-to-month,bank_transfer,no,0
C002154,51,70.75,3375.82,0,4.71,60.45,month-to-month,digital_wallet,no,0
C002155,35,83.97,2968.71,1,0.96,82.02,month-to-month,digital_wallet,yes,0
C002156,32,83.96,2749.18,2,0.98,65.84,month-to-month,card,yes,0
C002157,45,53.93,2548.06,1,3.97,39.85,one_year,bank_transfer,yes,0
C002158,58,83.68,4735.28,1,2.7,34.69,month-to-month,digital_wallet,yes,0
C002159,24,49.78,1249.5,1,0.62,92.4,month-to-month,bank_transfer,yes,0
C002160,58,54.78,2862.17,1,5.45,34.18,month-to-month,digital_wallet,yes,0
C002161,18,98.17,1751.76,2,9.48,43.93,one_year,card,yes,0
C002162,29,94.37,2403.31,3,1.49,62.45,month-to-month,card,yes,0
C002163,65,52.34,3852.31,2,3.93,50.62,month-to-month,bank_transfer,no,0
C002164,68,51.66,3409.02,0,0.22,66.48,month-to-month,digital_wallet,yes,0
C002165,66,53.86,3680.01,4,1.47,25.64,one_year,card,yes,0
C002166,23,88.32,2025.06,0,27.5,50.79,two_year,cash,yes,0
C002167,60,45.0,2316.74,2,6.89,68.55,month-to-month,digital_wallet,no,0
C002168,67,78.92,4593.85,3,0.59,68.62,month-to-month,digital_wallet,no,0
C002169,70,88.67,5768.56,0,7.67,43.55,month-to-month,digital_wallet,yes,0
C002170,2,67.79,142.7,2,5.53,34.57,two_year,card,yes,1
C002171,53,95.25,5262.54,1,3.53,59.27,month-to-month,card,yes,0
C002172,71,62.39,4015.14,3,3.21,28.75,one_year,card,yes,0
C002173,55,64.65,3543.8,3,2.54,80.69,one_year,card,yes,0
C002174,17,45.57,743.78,3,0.46,58.15,month-to-month,card,no,0
C002175,55,95.43,5356.55,2,8.71,41.06,one_year,digital_wallet,yes,0
C002176,8,50.84,386.53,2,4.93,33.91,one_year,digital_wallet,yes,1
C002177,35,78.74,3083.63,1,1.53,42.34,month-to-month,card,yes,0
C002178,45,68.22,3044.37,3,0.16,23.76,month-to-month,bank_transfer,no,0
C002179,33,43.68,1409.7,0,0.2,64.9,month-to-month,digital_wallet,no,0
C002180,50,54.77,2905.67,3,0.29,38.94,month-to-month,digital_wallet,yes,0
C002181,18,104.57,2040.79,4,2.64,62.99,one_year,cash,yes,1
C002182,44,75.04,3239.97,3,6.94,65.75,one_year,card,yes,0
C002183,46,44.77,1817.88,3,1.68,74.32,one_year,card,no,0
C002184,45,77.63,3058.65,2,6.18,60.04,month-to-month,digital_wallet,yes,0
C002185,21,66.35,1320.93,4,0.02,77.5,month-to-month,card,yes,0
C002186,22,156.35,3679.73,0,2.0,82.72,month-to-month,digital_wallet,yes,0
C002187,19,77.13,1532.98,1,13.95,60.16,one_year,card,yes,0
C002188,33,60.48,1868.88,3,3.46,61.37,month-to-month,bank_transfer,yes,0
C002189,42,105.5,3772.22,7,2.81,43.85,month-to-month,bank_transfer,yes,1
C002190,26,23.97,650.01,1,10.68,35.25,one_year,digital_wallet,no,0
C002191,30,72.36,2212.68,4,1.32,80.64,one_year,card,no,0
C002192,21,119.86,2722.84,0,0.36,67.11,month-to-month,digital_wallet,yes,0
C002193,16,67.1,1133.48,1,4.95,68.74,one_year,digital_wallet,yes,0
C002194,47,26.67,1158.2,3,6.4,43.19,month-to-month,digital_wallet,yes,0
C002195,58,60.1,3729.48,2,3.97,87.48,one_year,cash,yes,0
C002196,21,106.36,2224.5,2,1.52,50.43,one_year,digital_wallet,yes,0
C002197,62,79.4,5033.34,1,4.32,38.96,one_year,digital_wallet,yes,0
C002198,41,49.03,1923.93,1,4.65,43.53,month-to-month,bank_transfer,yes,0
C002199,12,52.87,689.73,1,2.73,86.42,one_year,digital_wallet,no,0
C002200,26,56.01,1323.43,2,0.43,32.78,month-to-month,cash,yes,0
C002201,1,79.03,72.02,3,10.35,39.98,month-to-month,bank_transfer,yes,1
C002202,3,103.45,285.92,3,13.22,100.0,two_year,card,yes,0
C002203,24,96.31,2512.24,1,11.95,73.82,month-to-month,card,no,0
C002204,33,81.4,2870.03,0,4.32,40.34,one_year,digital_wallet,yes,0
C002205,57,36.71,1947.77,3,1.1,33.37,month-to-month,cash,yes,0
C002206,10,36.8,328.7,1,3.83,21.55,month-to-month,card,yes,0
C002207,60,83.33,4292.18,2,1.33,56.94,month-to-month,cash,yes,0
C002208,17,36.36,652.27,0,5.57,69.56,month-to-month,card,yes,0
C002209,10,64.36,651.11,2,1.43,85.38,one_year,bank_transfer,yes,0
C002210,50,77.6,4115.69,2,7.35,17.12,two_year,cash,yes,0
C002211,55,41.56,2428.62,1,1.55,28.49,one_year,cash,yes,0
C002212,43,44.39,2106.36,2,1.23,52.61,two_year,bank_transfer,yes,0
C002213,9,67.65,593.47,1,2.61,100.0,month-to-month,cash,yes,0
C002214,9,82.59,816.3,3,4.02,72.72,two_year,digital_wallet,no,0
C002215,28,96.54,2650.98,5,11.33,62.46,month-to-month,digital_wallet,yes,0
C002216,32,85.18,2895.58,4,1.45,30.5,month-to-month,digital_wallet,no,0
C002217,71,71.84,5179.0,2,10.99,12.6,month-to-month,card,yes,0
C002218,21,51.35,1214.57,1,5.64,55.78,month-to-month,card,yes,0
C002219,14,43.23,581.6,2,4.79,53.01,one_year,card,yes,0
C002220,68,57.23,4113.12,1,7.84,49.64,month-to-month,card,no,0
C002221,11,80.25,908.71,1,1.46,47.39,month-to-month,card,yes,0
C002222,2,78.42,180.29,2,2.09,40.03,month-to-month,card,yes,0
C002223,31,17.5,473.77,1,0.11,35.45,month-to-month,card,yes,0
C002224,29,50.36,1503.37,0,6.53,82.79,two_year,bank_transfer,yes,0
C002225,44,100.11,4051.39,1,0.51,37.27,month-to-month,card,yes,0
C002226,63,71.98,5057.42,0,9.46,49.48,month-to-month,card,yes,0
C002227,67,34.57,2521.17,5,4.28,54.22,one_year,card,yes,0
C002228,21,128.9,2838.23,4,7.11,69.13,two_year,card,yes,0
C002229,70,69.28,4820.76,4,2.77,37.96,month-to-month,digital_wallet,yes,0
C002230,45,79.61,3777.21,1,5.11,74.56,month-to-month,digital_wallet,yes,0
C002231,5,79.99,406.46,1,0.02,43.41,two_year,digital_wallet,yes,0
C002232,67,60.81,3814.3,2,0.24,51.76,month-to-month,digital_wallet,yes,0
C002233,10,51.81,567.75,2,5.25,87.86,month-to-month,cash,yes,0
C002234,42,123.04,5187.26,1,4.52,35.62,month-to-month,digital_wallet,yes,0
C002235,57,95.08,5024.68,3,3.43,69.42,month-to-month,card,yes,0
C002236,18,90.55,1710.23,2,11.26,75.09,two_year,card,no,1
C002237,20,84.41,1444.36,3,0.79,61.2,two_year,bank_transfer,yes,0
C002238,34,44.92,1628.02,0,5.62,52.65,month-to-month,bank_transfer,yes,0
C002239,63,101.94,6364.96,0,2.97,97.51,one_year,digital_wallet,yes,0
C002240,16,48.92,814.29,2,6.56,54.72,two_year,card,yes,0
C002241,48,77.08,3319.46,2,3.64,59.08,one_year,cash,yes,0
C002242,33,29.02,1020.2,0,6.13,48.27,one_year,bank_transfer,yes,0
C002243,8,18.98,162.0,1,2.63,58.02,two_year,cash,yes,0
C002244,51,77.96,4263.98,1,3.64,74.28,month-to-month,bank_transfer,yes,0
C002245,60,49.77,2956.97,2,5.72,49.49,month-to-month,card,no,0
C002246,41,20.27,866.14,3,1.3,12.83,one_year,card,yes,0
C002247,13,83.52,1101.74,4,3.32,65.27,one_year,card,yes,0
C002248,12,123.0,1357.83,1,8.97,33.43,month-to-month,card,yes,1
C002249,31,104.74,2782.3,1,3.86,69.84,month-to-month,digital_wallet,yes,0
C002250,36,63.57,2229.08,1,0.39,54.97,one_year,card,yes,0
C002251,40,70.22,3074.21,1,1.61,73.86,month-to-month,card,yes,0
C002252,18,92.19,1570.97,4,11.8,36.03,two_year,card,yes,0
C002253,36,98.05,3793.6,1,1.71,44.3,two_year,bank_transfer,no,0
C002254,21,61.41,1343.68,4,4.13,48.2,month-to-month,card,yes,0
C002255,49,70.85,3319.03,2,5.92,25.35,one_year,card,yes,0
C002256,57,77.52,3756.38,1,5.61,77.23,one_year,digital_wallet,yes,0
C002257,47,83.85,3859.24,3,6.47,22.49,month-to-month,card,yes,1
C002258,1,66.67,64.53,1,4.85,76.95,month-to-month,cash,yes,0
C002259,71,67.0,4241.31,1,2.99,63.49,month-to-month,card,yes,0
C002260,2,104.5,228.98,4,0.13,51.02,two_year,digital_wallet,yes,0
C002261,71,100.24,8089.39,1,3.61,61.9,two_year,digital_wallet,yes,0
C002262,3,81.94,217.88,2,2.79,61.35,month-to-month,card,yes,0
C002263,37,112.98,3842.76,1,2.47,46.99,two_year,digital_wallet,yes,0
C002264,8,60.34,501.9,0,5.06,60.96,one_year,card,no,0
C002265,7,110.57,878.71,2,1.26,69.62,month-to-month,card,yes,0
C002266,49,83.56,4627.7,4,0.86,36.11,month-to-month,digital_wallet,yes,0
C002267,52,151.78,8913.63,1,3.01,61.92,two_year,cash,yes,0
C002268,9,40.19,355.2,2,1.83,2.47,month-to-month,card,yes,0
C002269,70,52.77,4232.07,3,3.88,16.41,one_year,digital_wallet,yes,0
C002270,23,80.47,1775.66,3,3.69,66.29,one_year,card,yes,0
C002271,23,79.93,1610.46,0,3.91,46.64,one_year,card,yes,0
C002272,22,118.75,2772.81,4,3.02,37.93,month-to-month,card,yes,1
C002273,33,53.29,1788.23,1,0.84,53.94,month-to-month,bank_transfer,yes,0
C002274,13,92.62,1312.27,3,7.38,47.08,two_year,digital_wallet,yes,0
C002275,31,99.06,3182.48,2,0.27,35.23,month-to-month,bank_transfer,yes,0
C002276,15,87.62,1440.67,0,9.48,22.22,month-to-month,cash,yes,0
C002277,4,45.98,175.29,2,8.14,15.64,month-to-month,digital_wallet,yes,1
C002278,27,105.19,2659.54,2,7.38,69.78,one_year,card,yes,0
C002279,48,100.73,5208.34,1,6.4,46.55,month-to-month,card,yes,0
C002280,55,84.99,4671.23,5,10.4,74.39,one_year,bank_transfer,yes,0
C002281,26,75.11,1765.0,2,11.54,46.35,month-to-month,card,yes,0
C002282,23,75.65,1674.77,3,2.55,62.1,one_year,card,yes,0
C002283,56,68.03,4153.4,2,18.05,52.49,two_year,card,yes,0
C002284,49,86.02,4751.01,3,2.9,55.89,month-to-month,bank_transfer,yes,0
C002285,60,70.78,4578.36,3,0.98,56.86,one_year,bank_transfer,yes,0
C002286,65,48.79,3378.66,4,12.59,46.09,one_year,digital_wallet,yes,0
C002287,59,43.79,2824.85,2,1.11,30.41,one_year,digital_wallet,yes,0
C002288,67,51.2,3122.15,2,0.5,70.32,month-to-month,cash,no,0
C002289,30,75.55,2320.71,2,13.58,86.87,one_year,digital_wallet,yes,0
C002290,29,69.33,2067.26,3,0.26,88.18,month-to-month,card,yes,0
C002291,23,75.38,1965.77,2,7.66,43.93,month-to-month,bank_transfer,no,1
C002292,17,82.52,1198.86,1,23.4,40.34,month-to-month,card,yes,1
C002293,54,54.32,3347.15,0,5.84,43.91,month-to-month,cash,no,1
C002294,51,106.64,5807.58,3,6.32,51.48,month-to-month,bank_transfer,yes,0
C002295,57,63.31,3091.53,3,4.54,53.95,one_year,card,yes,0
C002296,12,59.16,713.98,2,2.48,35.04,one_year,digital_wallet,yes,0
C002297,35,82.06,2501.4,4,1.39,25.41,month-to-month,bank_transfer,yes,0
C002298,16,24.09,397.35,1,21.52,56.0,month-to-month,cash,yes,0
C002299,64,50.24,3168.47,2,10.13,0.0,one_year,card,yes,0
C002300,19,94.53,1942.79,1,4.29,52.99,month-to-month,card,yes,0
C002301,11,26.56,299.17,1,0.53,36.11,one_year,cash,yes,0
C002302,41,97.94,4360.5,2,0.22,70.6,month-to-month,bank_transfer,no,1
C002303,63,107.78,6522.76,3,1.63,75.95,two_year,card,no,0
C002304,66,60.76,4439.78,4,1.17,76.42,month-to-month,bank_transfer,yes,0
C002305,7,77.3,600.53,1,19.58,48.07,one_year,digital_wallet,yes,0
C002306,24,97.98,2461.1,0,6.81,32.3,month-to-month,card,yes,0
C002307,11,58.33,596.15,1,0.59,38.71,month-to-month,card,yes,1
C002308,22,91.69,2314.68,3,12.19,60.75,two_year,card,no,0
C002309,38,53.22,2215.18,0,5.07,22.08,two_year,card,yes,0
C002310,20,58.06,1283.7,2,2.59,82.87,month-to-month,card,yes,0
C002311,5,50.02,213.44,2,1.29,48.39,month-to-month,card,yes,0
C002312,37,78.57,3191.37,3,8.96,65.0,two_year,digital_wallet,yes,0
C002313,4,98.95,362.28,1,5.38,19.37,month-to-month,bank_transfer,no,1
C002314,17,65.4,1114.51,2,0.95,36.48,two_year,bank_transfer,no,0
C002315,1,38.22,40.56,2,9.08,16.89,month-to-month,card,yes,1
C002316,7,42.93,292.44,3,19.44,75.42,month-to-month,bank_transfer,yes,0
C002317,31,79.86,2285.39,3,1.0,51.8,month-to-month,card,no,0
C002318,61,116.1,7082.66,3,3.03,66.43,month-to-month,cash,yes,0
C002319,55,79.84,4127.58,3,1.01,56.27,month-to-month,card,yes,0
C002320,8,60.33,499.32,3,11.45,64.37,month-to-month,digital_wallet,yes,1
C002321,3,89.15,236.15,1,0.93,48.25,two_year,bank_transfer,yes,0
C002322,25,64.01,1556.3,2,1.0,50.93,month-to-month,digital_wallet,no,0
C002323,47,60.54,2923.71,2,11.63,53.17,one_year,digital_wallet,no,0
C002324,54,46.04,2851.92,1,2.36,63.11,month-to-month,digital_wallet,no,0
C002325,59,105.21,6199.0,0,13.17,63.64,one_year,bank_transfer,yes,0
C002326,25,15.0,366.66,0,0.32,100.0,month-to-month,card,no,0
C002327,12,89.95,1237.77,2,6.73,88.63,one_year,digital_wallet,yes,0
C002328,2,58.41,131.72,1,6.11,19.42,one_year,card,yes,0
C002329,11,59.74,691.26,1,1.39,52.14,two_year,card,yes,0
C002330,5,112.31,569.08,0,0.34,46.88,two_year,digital_wallet,yes,0
C002331,62,52.15,3010.88,0,0.05,80.6,month-to-month,bank_transfer,no,0
C002332,20,53.0,1099.35,3,9.01,48.69,month-to-month,card,no,0
C002333,59,66.74,4332.19,3,12.78,64.29,month-to-month,digital_wallet,no,0
C002334,40,80.35,3678.17,6,4.1,8.26,one_year,card,yes,0
C002335,39,58.95,2072.24,1,2.16,24.73,month-to-month,digital_wallet,yes,0
C002336,33,30.65,943.0,1,0.35,96.85,one_year,digital_wallet,yes,0
C002337,59,48.36,3182.14,1,3.36,56.0,two_year,card,yes,0
C002338,4,102.03,452.33,0,14.85,35.03,month-to-month,card,yes,0
C002339,7,71.87,535.79,2,9.83,59.86,month-to-month,cash,yes,1
C002340,31,81.28,2220.06,4,3.96,33.94,month-to-month,card,yes,0
C002341,29,63.46,1954.35,0,0.51,49.33,month-to-month,cash,yes,0
C002342,39,53.51,2067.62,2,4.62,25.95,month-to-month,bank_transfer,no,0
C002343,53,111.94,5703.63,2,0.52,39.23,month-to-month,card,yes,0
C002344,42,65.3,2537.28,1,10.73,46.67,two_year,digital_wallet,yes,0
C002345,19,58.92,1058.27,0,8.86,77.41,one_year,bank_transfer,no,0
C002346,24,97.4,2362.79,5,8.73,64.28,month-to-month,card,yes,0
C002347,54,51.94,2520.36,1,0.03,67.77,month-to-month,bank_transfer,yes,0
C002348,15,55.13,829.29,3,1.06,54.48,one_year,card,yes,0
C002349,36,70.26,2186.41,0,8.88,71.46,month-to-month,card,yes,0
C002350,39,70.01,2657.07,4,3.8,37.53,two_year,digital_wallet,yes,0
C002351,54,76.49,4700.51,3,4.87,40.35,month-to-month,bank_transfer,yes,0
C002352,51,122.29,6684.02,2,1.98,63.15,two_year,digital_wallet,yes,0
C002353,33,78.41,2252.54,0,7.28,49.42,one_year,bank_transfer,yes,0
C002354,22,15.0,348.6,1,4.12,54.72,two_year,bank_transfer,yes,0
C002355,27,78.16,1917.87,4,5.43,51.72,one_year,card,no,0
C002356,30,70.95,2111.91,1,2.68,80.07,one_year,cash,yes,0
C002357,16,71.09,1067.15,1,1.54,81.11,month-to-month,bank_transfer,no,0
C002358,45,76.15,3873.01,0,0.08,42.48,one_year,cash,yes,0
C002359,15,69.28,900.33,0,0.34,19.8,one_year,digital_wallet,yes,0
C002360,47,68.68,3597.12,0,0.85,40.77,month-to-month,digital_wallet,yes,0
C002361,54,85.33,4885.97,5,0.21,37.06,one_year,bank_transfer,yes,0
C002362,69,56.45,3734.58,4,7.62,71.63,month-to-month,card,yes,0
C002363,9,46.31,464.24,3,6.43,73.41,month-to-month,card,yes,1
C002364,54,145.59,7641.11,3,1.68,34.38,month-to-month,digital_wallet,yes,0
C002365,7,52.1,386.43,0,4.29,39.91,month-to-month,card,yes,0
C002366,24,72.5,1890.36,1,3.88,25.42,month-to-month,card,yes,0
C002367,13,32.61,396.75,1,10.83,57.69,two_year,bank_transfer,no,0
C002368,12,72.91,762.67,2,0.6,54.1,month-to-month,card,yes,0
C002369,13,46.67,673.7,2,15.42,70.78,two_year,card,yes,0
C002370,4,58.94,216.75,0,0.09,64.94,two_year,bank_transfer,yes,0
C002371,59,96.13,6406.16,2,6.55,67.2,month-to-month,card,yes,0
C002372,5,81.8,386.31,3,0.51,24.16,one_year,card,yes,0
C002373,29,84.21,2379.75,4,7.49,42.47,month-to-month,card,yes,1
C002374,50,25.72,1259.11,1,1.13,73.98,two_year,bank_transfer,no,0
C002375,71,115.92,8151.2,0,1.91,44.23,month-to-month,cash,yes,0
C002376,61,40.2,2792.84,2,11.84,22.45,month-to-month,card,yes,0
C002377,10,108.21,999.38,2,6.67,71.16,month-to-month,digital_wallet,yes,1
C002378,71,95.54,7003.57,2,5.0,43.45,one_year,card,no,0
C002379,47,84.43,3723.28,3,5.93,76.25,month-to-month,bank_transfer,no,0
C002380,13,48.63,562.14,0,3.23,54.63,month-to-month,card,yes,0
C002381,32,73.79,2211.64,0,1.27,49.46,two_year,digital_wallet,yes,0
C002382,66,58.23,3903.4,2,13.73,82.26,month-to-month,digital_wallet,no,0
C002383,28,70.73,2043.89,3,11.54,28.95,one_year,digital_wallet,yes,0
C002384,14,63.75,829.28,1,9.07,83.68,one_year,card,yes,0
C002385,63,19.03,1374.5,1,3.08,42.21,month-to-month,digital_wallet,no,0
C002386,68,98.04,6392.5,0,5.72,58.25,month-to-month,card,yes,0
C002387,70,67.97,5232.02,0,0.61,58.44,month-to-month,bank_transfer,no,0
C002388,68,57.88,3386.83,3,2.12,46.46,two_year,digital_wallet,yes,0
C002389,62,55.99,3674.8,1,1.52,39.76,one_year,bank_transfer,yes,0
C002390,33,78.96,2452.09,3,4.9,47.6,month-to-month,digital_wallet,yes,0
C002391,14,47.66,674.57,2,0.28,34.71,two_year,digital_wallet,yes,0
C002392,44,15.0,726.65,2,2.4,94.24,month-to-month,digital_wallet,no,0
C002393,16,80.18,1369.38,3,1.78,45.38,month-to-month,card,yes,0
C002394,34,82.98,2702.44,3,1.21,78.18,month-to-month,card,no,0
C002395,47,65.01,3268.53,2,5.26,75.54,one_year,bank_transfer,yes,0
C002396,68,41.3,2736.1,4,1.73,62.26,month-to-month,bank_transfer,no,0
C002397,21,72.22,1318.07,2,8.89,52.29,one_year,digital_wallet,yes,0
C002398,18,33.39,630.81,2,0.78,58.88,month-to-month,bank_transfer,yes,0
C002399,53,44.32,2656.73,1,0.25,66.44,one_year,digital_wallet,yes,0
C002400,1,51.23,44.83,3,1.69,57.01,one_year,card,yes,0
C002401,41,91.1,3945.27,2,0.53,23.67,month-to-month,card,yes,0
C002402,53,60.93,3558.7,0,0.95,18.63,month-to-month,cash,no,0
C002403,40,58.8,2420.32,2,13.05,85.18,one_year,card,no,0
C002404,28,118.87,3313.71,0,0.72,2.31,month-to-month,card,yes,0
C002405,59,78.81,4283.3,2,0.44,58.91,month-to-month,digital_wallet,yes,0
C002406,27,78.47,1924.22,3,2.4,50.3,one_year,card,yes,0
C002407,51,60.76,3002.23,1,1.06,58.22,month-to-month,bank_transfer,no,0
C002408,33,55.09,1895.05,1,12.42,32.2,one_year,digital_wallet,yes,0
C002409,2,15.34,28.97,1,11.76,62.01,month-to-month,bank_transfer,yes,0
C002410,38,94.22,3567.85,1,11.79,59.12,month-to-month,cash,yes,0
C002411,4,81.21,334.57,2,8.53,100.0,one_year,digital_wallet,no,0
C002412,67,65.52,4007.95,2,1.89,57.6,one_year,bank_transfer,yes,0
C002413,43,66.57,3069.78,1,2.07,81.96,month-to-month,cash,yes,0
C002414,27,88.4,2479.02,1,5.01,25.03,month-to-month,card,yes,1
C002415,35,31.13,1119.65,2,0.89,75.4,month-to-month,card,no,0
C002416,44,55.25,2415.17,3,1.87,59.53,month-to-month,digital_wallet,yes,0
C002417,19,41.59,758.2,2,1.1,60.39,two_year,bank_transfer,no,0
C002418,21,114.29,2435.19,3,4.34,60.67,month-to-month,card,no,1
C002419,30,91.89,2976.51,1,6.41,89.13,one_year,card,yes,0
C002420,19,15.0,302.61,5,1.75,60.1,month-to-month,card,yes,0
C002421,54,32.16,1860.25,5,0.22,39.32,month-to-month,card,no,0
C002422,8,66.69,487.02,0,2.22,42.68,one_year,card,yes,0
C002423,59,58.19,3721.21,1,2.36,71.34,one_year,cash,yes,0
C002424,25,36.89,876.72,1,26.83,63.95,month-to-month,digital_wallet,yes,0
C002425,40,118.62,4364.82,6,2.47,24.39,month-to-month,bank_transfer,no,1
C002426,12,77.81,827.75,2,0.84,65.29,month-to-month,bank_transfer,yes,0
C002427,28,81.87,2519.54,2,1.43,33.35,month-to-month,card,yes,0
C002428,54,52.7,2950.96,0,5.99,63.77,one_year,bank_transfer,yes,0
C002429,20,88.06,1941.46,2,4.92,38.89,month-to-month,bank_transfer,yes,0
C002430,10,60.49,616.04,1,8.12,49.37,month-to-month,digital_wallet,yes,0
C002431,38,62.92,2649.23,1,2.34,44.1,month-to-month,card,yes,0
C002432,12,85.28,1040.67,1,8.47,85.38,two_year,cash,no,0
C002433,23,29.28,702.79,5,3.16,63.04,month-to-month,digital_wallet,no,0
C002434,32,109.93,3049.46,0,10.05,80.22,one_year,card,yes,0
C002435,41,74.56,3212.54,1,12.68,100.0,month-to-month,cash,yes,0
C002436,46,102.02,4830.66,2,22.15,55.94,month-to-month,card,yes,0
C002437,49,43.11,1949.14,2,1.36,85.04,month-to-month,cash,yes,0
C002438,60,46.92,2488.18,2,0.44,41.01,one_year,bank_transfer,yes,0
C002439,5,40.95,195.38,0,0.76,80.1,month-to-month,bank_transfer,yes,0
C002440,26,76.26,1721.09,0,25.92,38.85,two_year,bank_transfer,yes,0
C002441,1,71.65,73.82,0,1.97,54.63,month-to-month,bank_transfer,yes,0
C002442,1,58.39,59.19,0,0.52,65.74,two_year,digital_wallet,yes,0
C002443,16,44.65,803.92,1,2.02,68.88,month-to-month,digital_wallet,yes,0
C002444,43,38.34,1657.09,7,2.79,29.55,month-to-month,bank_transfer,yes,0
C002445,64,68.79,4705.84,2,31.54,37.66,one_year,digital_wallet,yes,0
C002446,55,58.36,3367.73,0,3.17,67.23,month-to-month,bank_transfer,yes,0
C002447,46,52.86,2577.2,1,2.92,47.65,month-to-month,bank_transfer,yes,0
C002448,56,108.68,5745.7,1,4.42,27.05,one_year,card,yes,0
C002449,13,67.94,860.81,2,1.11,53.58,one_year,digital_wallet,yes,0
C002450,60,101.75,5408.67,1,2.03,52.62,two_year,bank_transfer,yes,0
C002451,64,56.67,3790.52,2,14.09,58.54,month-to-month,bank_transfer,yes,0
C002452,7,76.12,501.26,0,5.75,65.58,one_year,digital_wallet,yes,1
C002453,34,68.61,2366.99,1,2.22,64.31,one_year,digital_wallet,yes,0
C002454,59,27.56,1831.63,3,6.97,39.64,one_year,card,yes,0
C002455,34,105.71,3791.31,3,0.53,46.78,one_year,card,yes,0
C002456,60,66.62,3718.66,1,8.42,73.56,one_year,card,yes,0
C002457,67,88.66,5966.35,0,4.75,44.14,two_year,card,yes,0
C002458,34,51.2,1794.14,2,13.08,47.1,month-to-month,card,yes,0
C002459,5,65.88,364.0,6,0.18,24.91,month-to-month,digital_wallet,yes,1
C002460,25,48.33,1314.7,0,3.03,54.43,month-to-month,card,yes,0
C002461,16,100.9,1524.91,1,3.06,61.91,month-to-month,digital_wallet,no,0
C002462,34,77.79,2977.65,2,21.08,15.49,one_year,cash,yes,0
C002463,42,79.18,2973.63,1,12.69,33.59,month-to-month,card,yes,0
C002464,33,103.95,3200.06,2,6.11,26.57,month-to-month,bank_transfer,yes,0
C002465,14,98.91,1191.08,1,3.11,70.77,two_year,card,yes,0
C002466,22,89.13,1849.91,1,2.9,16.75,two_year,digital_wallet,yes,0
C002467,49,34.46,1644.85,2,5.07,53.43,month-to-month,bank_transfer,yes,0
C002468,2,52.61,97.05,2,1.63,69.36,month-to-month,bank_transfer,yes,0
C002469,16,44.9,613.4,2,3.83,58.76,month-to-month,digital_wallet,yes,0
C002470,64,88.19,4815.25,1,6.45,46.2,month-to-month,digital_wallet,no,0
C002471,8,74.27,669.7,4,4.14,61.93,month-to-month,bank_transfer,no,0
C002472,30,35.24,1131.58,3,4.06,75.74,month-to-month,digital_wallet,yes,0
C002473,15,65.28,1037.5,4,2.33,52.85,one_year,cash,yes,0
C002474,8,32.65,283.57,3,1.64,10.22,month-to-month,bank_transfer,yes,0
C002475,31,68.67,2252.82,1,1.7,77.95,month-to-month,card,no,0
C002476,38,28.62,944.34,1,6.31,63.01,one_year,digital_wallet,yes,0
C002477,13,83.22,1220.04,2,5.04,54.34,month-to-month,digital_wallet,yes,0
C002478,6,79.45,466.51,2,1.38,15.39,month-to-month,bank_transfer,no,0
C002479,10,117.7,1160.54,1,5.46,49.03,month-to-month,digital_wallet,yes,0
C002480,47,91.2,4783.33,2,4.33,37.49,month-to-month,card,no,0
C002481,62,59.43,3357.86,1,0.07,30.67,month-to-month,bank_transfer,yes,0
C002482,13,90.45,1109.84,1,1.92,52.27,month-to-month,digital_wallet,no,0
C002483,23,35.06,892.22,3,2.87,44.28,month-to-month,digital_wallet,yes,0
C002484,25,45.94,1155.23,2,2.22,45.6,one_year,card,yes,0
C002485,26,78.33,1987.76,1,15.89,69.79,one_year,card,yes,0
C002486,18,16.04,328.17,2,2.08,60.11,month-to-month,card,no,0
C002487,4,69.07,308.5,2,4.43,45.09,two_year,card,yes,1
C002488,38,44.49,1887.24,0,6.12,42.55,month-to-month,digital_wallet,no,0
C002489,26,72.53,1723.03,0,10.53,45.9,month-to-month,card,no,0
C002490,25,43.06,1187.47,2,3.16,50.05,month-to-month,digital_wallet,yes,0
C002491,19,80.61,1603.51,4,0.26,66.68,month-to-month,bank_transfer,no,0
C002492,66,70.48,4919.18,1,3.13,34.15,month-to-month,digital_wallet,yes,0
C002493,44,105.01,3993.64,2,8.96,84.17,two_year,bank_transfer,no,0
C002494,30,70.17,2140.25,1,0.31,66.7,month-to-month,digital_wallet,no,0
C002495,15,50.78,697.44,3,7.12,0.24,month-to-month,bank_transfer,yes,1
C002496,57,63.83,4104.37,2,3.4,56.71,month-to-month,card,yes,0
C002497,64,36.39,2372.29,1,4.35,75.81,two_year,bank_transfer,yes,0
C002498,3,80.15,248.93,0,0.49,62.77,month-to-month,bank_transfer,no,0
C002499,67,84.75,5240.71,3,1.69,46.75,two_year,card,yes,0
C002500,50,131.73,6431.14,1,1.09,53.78,month-to-month,cash,yes,0
C002501,8,54.45,439.48,1,1.19,58.57,one_year,digital_wallet,yes,0
C002502,54,63.31,3738.49,3,9.69,70.39,month-to-month,card,yes,0
C002503,8,55.61,459.74,3,2.23,26.7,month-to-month,digital_wallet,no,0
C002504,4,75.3,266.24,2,7.68,42.9,month-to-month,card,yes,0
C002505,9,79.54,705.31,3,15.07,87.77,month-to-month,bank_transfer,yes,0
C002506,33,68.67,2126.96,1,1.83,55.66,month-to-month,card,no,0
C002507,44,97.16,4324.87,1,3.3,85.56,month-to-month,card,yes,0
C002508,29,54.58,1568.37,1,13.18,100.0,one_year,card,yes,0
C002509,9,94.65,729.81,3,10.21,45.16,one_year,bank_transfer,yes,0
C002510,15,83.46,1142.09,2,2.73,31.05,month-to-month,card,no,0
C002511,61,69.7,4455.83,3,3.79,49.69,one_year,card,no,0
C002512,69,62.13,4343.74,1,10.28,76.98,one_year,card,yes,0
C002513,54,130.67,6110.39,2,5.88,79.78,two_year,card,yes,0
C002514,8,49.57,408.22,0,0.46,100.0,month-to-month,bank_transfer,yes,0
C002515,59,77.45,4573.92,3,19.81,54.26,month-to-month,card,yes,0
C002516,50,51.24,2293.35,1,2.53,64.76,two_year,bank_transfer,yes,0
C002517,38,114.64,3705.45,1,1.26,40.76,two_year,bank_transfer,yes,0
C002518,11,92.17,963.82,2,8.93,4.86,two_year,card,yes,0
C002519,71,53.04,4081.92,4,5.47,54.21,one_year,digital_wallet,no,0
C002520,32,82.81,2358.33,0,5.84,31.92,one_year,digital_wallet,yes,0
C002521,4,76.44,346.54,4,5.29,67.87,two_year,digital_wallet,yes,0
C002522,15,57.08,867.17,1,0.71,17.37,month-to-month,bank_transfer,no,0
C002523,29,88.95,2779.64,2,1.21,40.21,month-to-month,card,yes,0
C002524,5,79.73,455.69,4,11.44,60.35,two_year,bank_transfer,yes,0
C002525,23,75.39,1610.56,3,17.33,62.45,two_year,cash,yes,0
C002526,34,68.95,2402.64,2,0.51,54.05,month-to-month,bank_transfer,no,0
C002527,68,80.78,5230.22,4,6.01,92.35,month-to-month,digital_wallet,yes,0
C002528,7,75.73,464.07,1,4.37,86.39,two_year,bank_transfer,no,0
C002529,41,71.48,3188.61,2,0.45,41.31,month-to-month,cash,yes,0
C002530,66,53.97,3040.89,2,6.0,87.19,one_year,card,yes,0
C002531,58,112.34,7236.96,3,4.17,90.24,month-to-month,bank_transfer,yes,0
C002532,66,43.74,3141.9,0,2.22,52.52,month-to-month,bank_transfer,no,0
C002533,13,80.69,1092.54,1,7.89,55.91,one_year,digital_wallet,yes,0
C002534,57,61.99,3630.27,1,14.15,53.99,two_year,digital_wallet,yes,0
C002535,70,113.99,8806.64,0,10.52,42.1,month-to-month,digital_wallet,yes,0
C002536,24,47.41,986.24,2,20.68,44.09,month-to-month,digital_wallet,yes,0
C002537,36,51.62,1990.05,5,1.41,81.39,month-to-month,bank_transfer,yes,0
C002538,38,45.75,1571.98,0,5.19,63.75,month-to-month,card,yes,0
C002539,36,78.09,2406.62,1,3.34,43.92,two_year,digital_wallet,yes,0
C002540,21,35.67,706.96,5,3.81,36.48,month-to-month,card,yes,1
C002541,69,58.04,3796.91,2,0.34,39.84,two_year,card,yes,0
C002542,68,16.19,999.45,2,2.72,51.72,two_year,card,no,0
C002543,28,76.01,2262.91,2,3.38,73.26,month-to-month,bank_transfer,yes,0
C002544,58,57.49,3393.62,2,3.1,37.8,month-to-month,bank_transfer,yes,0
C002545,29,32.8,1071.02,2,2.69,73.03,two_year,digital_wallet,yes,0
C002546,57,97.14,5971.69,0,2.33,58.94,month-to-month,bank_transfer,yes,0
C002547,42,37.31,1720.26,2,2.05,57.86,two_year,card,yes,0
C002548,34,89.92,3426.59,2,1.9,75.52,month-to-month,card,yes,0
C002549,10,52.47,572.97,1,11.77,71.87,month-to-month,digital_wallet,yes,0
C002550,47,110.04,4579.36,2,8.27,26.91,month-to-month,digital_wallet,yes,1
C002551,23,88.74,1848.41,1,4.12,33.32,month-to-month,digital_wallet,yes,0
C002552,16,44.8,695.67,1,2.87,50.41,one_year,card,yes,0
C002553,14,47.07,625.82,3,5.48,62.12,one_year,cash,yes,0
C002554,70,85.14,6648.77,3,7.37,82.29,month-to-month,digital_wallet,yes,0
C002555,8,63.44,511.21,3,0.41,56.3,month-to-month,bank_transfer,yes,0
C002556,57,65.77,4171.47,4,1.54,89.07,month-to-month,digital_wallet,yes,0
C002557,62,101.81,6098.3,1,8.78,40.87,two_year,card,yes,0
C002558,3,51.28,172.61,3,4.57,44.25,two_year,digital_wallet,no,0
C002559,42,72.28,2645.81,0,2.17,48.89,one_year,digital_wallet,yes,0
C002560,41,93.87,3785.63,1,10.45,38.66,two_year,bank_transfer,yes,0
C002561,26,90.23,2628.23,0,1.88,78.19,month-to-month,card,yes,0
C002562,48,66.01,3120.58,2,0.05,0.0,month-to-month,bank_transfer,yes,1
C002563,30,62.78,2014.79,2,1.42,44.93,month-to-month,digital_wallet,no,0
C002564,32,26.53,813.52,1,11.07,77.96,two_year,digital_wallet,yes,0
C002565,31,43.59,1484.88,1,1.83,48.75,month-to-month,bank_transfer,yes,0
C002566,57,77.96,4618.85,1,3.67,76.46,two_year,cash,yes,0
C002567,45,66.55,3275.08,1,2.03,98.95,month-to-month,card,yes,0
C002568,27,71.87,1961.82,1,5.94,56.61,month-to-month,card,yes,0
C002569,66,95.98,6596.3,0,4.67,78.38,month-to-month,card,yes,0
C002570,57,40.32,2317.82,2,0.79,100.0,one_year,digital_wallet,yes,0
C002571,67,64.1,4381.12,1,0.55,63.04,month-to-month,digital_wallet,yes,1
C002572,52,74.72,4105.82,1,4.42,54.04,two_year,digital_wallet,yes,0
C002573,28,52.4,1300.21,2,0.3,73.05,one_year,digital_wallet,yes,0
C002574,55,105.79,6287.08,1,11.4,78.68,month-to-month,bank_transfer,yes,0
C002575,24,92.71,2128.5,3,4.97,54.22,one_year,card,no,0
C002576,20,77.25,1319.14,2,26.69,45.32,month-to-month,bank_transfer,yes,0
C002577,33,114.86,3953.61,0,10.84,89.35,two_year,bank_transfer,yes,0
C002578,69,32.53,2320.92,1,5.62,49.59,month-to-month,bank_transfer,no,0
C002579,41,69.81,3055.98,5,4.5,78.87,one_year,card,no,0
C002580,28,79.16,2547.78,0,15.49,60.26,month-to-month,card,no,0
C002581,33,47.14,1537.5,3,3.97,91.54,month-to-month,bank_transfer,yes,0
C002582,21,77.52,1859.03,4,8.23,38.02,one_year,card,yes,0
C002583,47,42.34,2036.2,4,2.94,37.98,month-to-month,cash,yes,0
C002584,25,87.26,2088.58,4,4.84,72.09,one_year,card,yes,0
C002585,40,96.45,4063.6,1,7.27,32.39,month-to-month,cash,yes,0
C002586,27,76.81,1884.98,3,7.04,57.33,month-to-month,card,yes,0
C002587,23,23.68,620.83,3,6.8,85.97,month-to-month,digital_wallet,yes,0
C002588,69,45.83,3106.36,1,2.61,19.3,one_year,bank_transfer,yes,0
C002589,25,84.12,1794.21,2,4.48,63.04,month-to-month,card,yes,0
C002590,6,70.53,442.9,2,4.28,79.23,month-to-month,card,yes,0
C002591,27,15.0,358.87,2,1.39,54.48,month-to-month,card,yes,0
C002592,38,101.07,3367.03,2,16.09,36.46,month-to-month,digital_wallet,no,0
C002593,7,73.42,440.46,3,0.6,49.75,one_year,card,no,0
C002594,22,49.52,1214.68,2,3.94,38.23,two_year,card,yes,0
C002595,12,94.87,979.22,4,8.67,56.38,one_year,digital_wallet,yes,0
C002596,36,53.06,1931.53,3,0.28,49.47,month-to-month,bank_transfer,no,0
C002597,52,52.79,2736.31,1,0.88,44.73,month-to-month,bank_transfer,yes,0
C002598,69,78.96,6119.98,2,8.78,64.32,one_year,card,yes,0
C002599,28,114.53,3602.25,2,3.44,86.58,one_year,bank_transfer,yes,0
C002600,62,110.59,7722.3,0,4.2,61.56,month-to-month,card,yes,0
C002601,16,78.99,1225.97,1,5.73,81.87,one_year,bank_transfer,yes,0
C002602,56,81.56,4531.03,3,0.47,86.58,month-to-month,card,yes,0
C002603,40,89.79,3942.39,2,8.25,43.27,month-to-month,cash,yes,0
C002604,54,38.58,1845.7,0,1.28,60.5,month-to-month,bank_transfer,yes,0
C002605,54,86.1,4111.76,3,6.19,46.5,month-to-month,bank_transfer,yes,1
C002606,38,51.65,2210.94,5,7.06,25.36,month-to-month,digital_wallet,yes,0
C002607,19,77.96,1272.17,5,12.01,62.12,month-to-month,cash,yes,0
C002608,38,64.31,2358.03,1,0.71,33.96,month-to-month,digital_wallet,no,0
C002609,59,82.53,4423.66,3,0.8,64.69,month-to-month,bank_transfer,yes,0
C002610,69,72.95,4405.5,0,7.75,23.88,month-to-month,digital_wallet,yes,0
C002611,66,15.0,1130.74,1,4.11,58.42,month-to-month,card,yes,0
C002612,13,74.47,871.12,5,0.62,23.59,one_year,digital_wallet,yes,1
C002613,43,86.05,3624.8,2,2.09,68.48,one_year,digital_wallet,yes,0
C002614,8,81.15,601.7,4,14.52,47.13,month-to-month,bank_transfer,yes,0
C002615,48,67.44,3228.32,3,3.79,45.2,month-to-month,digital_wallet,no,0
C002616,71,111.05,8516.16,2,11.79,77.53,month-to-month,digital_wallet,yes,0
C002617,4,77.78,326.05,1,6.69,48.57,month-to-month,digital_wallet,no,0
C002618,47,80.94,3886.15,3,8.58,57.22,month-to-month,cash,yes,0
C002619,68,96.11,6556.58,4,1.59,51.03,month-to-month,digital_wallet,yes,0
C002620,61,79.06,4290.29,1,3.86,65.15,month-to-month,card,yes,0
C002621,28,47.55,1292.45,2,4.03,75.86,one_year,card,yes,0
C002622,8,15.0,134.59,3,7.15,71.71,month-to-month,bank_transfer,yes,0
C002623,66,58.07,4201.3,2,3.79,45.67,month-to-month,card,no,0
C002624,66,89.02,5108.34,1,6.16,79.18,month-to-month,digital_wallet,no,0
C002625,42,61.17,2831.65,3,10.94,36.67,two_year,digital_wallet,yes,0
C002626,70,90.03,6922.26,2,2.26,40.15,one_year,card,no,0
C002627,1,73.72,80.4,4,2.18,52.44,one_year,cash,no,0
C002628,44,102.2,4921.57,4,1.85,75.94,two_year,digital_wallet,no,0
C002629,3,62.62,215.08,2,1.8,31.6,month-to-month,cash,yes,1
C002630,67,81.69,4742.91,2,2.28,72.83,month-to-month,card,yes,0
C002631,49,82.65,3908.54,3,0.84,53.91,one_year,bank_transfer,no,0
C002632,65,107.54,7972.43,3,1.49,46.33,month-to-month,bank_transfer,yes,0
C002633,40,27.33,1110.64,2,0.76,76.96,one_year,digital_wallet,yes,0
C002634,6,58.54,370.45,1,6.01,38.95,month-to-month,cash,yes,0
C002635,2,91.21,174.87,2,11.38,100.0,month-to-month,digital_wallet,yes,0
C002636,24,108.65,2382.17,3,4.34,51.47,month-to-month,card,yes,0
C002637,53,76.0,4606.24,4,11.96,58.0,month-to-month,bank_transfer,yes,1
C002638,11,62.68,660.89,1,3.77,85.86,one_year,digital_wallet,yes,0
C002639,61,88.93,5523.66,4,0.27,58.52,month-to-month,card,yes,0
C002640,18,91.72,1524.03,3,1.86,78.78,month-to-month,cash,yes,0
C002641,36,61.01,2503.97,4,2.66,15.94,month-to-month,digital_wallet,yes,0
C002642,15,78.26,1088.79,2,2.93,46.15,one_year,digital_wallet,yes,0
C002643,34,99.51,3803.62,2,6.63,62.93,one_year,cash,yes,0
C002644,33,117.26,3627.94,8,3.31,76.63,one_year,card,yes,1
C002645,1,88.57,100.44,2,5.82,70.39,month-to-month,bank_transfer,no,0
C002646,41,71.1,2799.21,3,2.59,68.52,month-to-month,digital_wallet,yes,0
C002647,56,68.65,4273.39,4,2.21,76.22,month-to-month,digital_wallet,yes,0
C002648,67,83.93,5792.05,3,12.24,64.5,month-to-month,digital_wallet,yes,0
C002649,24,67.11,1424.0,1,15.04,12.14,month-to-month,card,yes,1
C002650,63,74.74,4419.98,5,3.5,83.84,two_year,bank_transfer,yes,0
C002651,63,43.55,2958.6,4,8.67,38.25,month-to-month,card,yes,0
C002652,71,102.43,7637.79,0,5.04,61.27,month-to-month,bank_transfer,yes,0
C002653,27,41.5,1072.01,3,6.77,58.62,month-to-month,cash,yes,0
C002654,61,59.2,3280.99,0,0.07,55.95,month-to-month,card,yes,0
C002655,41,72.44,3263.03,2,0.8,32.88,month-to-month,card,yes,0
C002656,5,119.77,620.86,1,0.39,16.23,one_year,bank_transfer,yes,1
C002657,20,59.43,1253.55,1,0.85,34.95,one_year,digital_wallet,no,0
C002658,48,53.35,2544.7,3,3.16,71.52,one_year,card,yes,0
C002659,12,56.23,644.46,1,7.57,26.07,two_year,card,yes,0
C002660,31,111.47,3333.57,8,0.26,37.39,month-to-month,bank_transfer,yes,1
C002661,56,15.0,721.84,2,1.27,63.36,one_year,bank_transfer,yes,0
C002662,11,44.93,560.05,1,1.78,34.45,two_year,card,yes,0
C002663,36,138.28,4778.85,3,6.27,44.14,month-to-month,digital_wallet,yes,1
C002664,16,84.77,1349.42,2,0.38,56.64,one_year,digital_wallet,yes,1
C002665,39,42.35,1580.89,4,0.1,60.65,two_year,bank_transfer,yes,0
C002666,18,68.95,1187.22,2,3.39,34.06,one_year,card,yes,0
C002667,69,71.69,5221.79,3,6.9,57.82,month-to-month,bank_transfer,no,0
C002668,6,91.15,574.87,3,1.45,62.98,month-to-month,card,yes,0
C002669,69,115.99,8747.97,5,3.52,29.54,one_year,bank_transfer,yes,0
C002670,57,79.71,3959.99,1,2.25,59.3,two_year,digital_wallet,yes,0
C002671,61,56.51,3833.62,4,7.46,40.67,month-to-month,card,yes,0
C002672,61,89.68,6219.76,0,3.4,57.48,month-to-month,card,yes,0
C002673,14,52.54,843.55,2,15.5,69.46,month-to-month,card,yes,0
C002674,67,44.17,2629.62,0,7.98,51.47,month-to-month,card,yes,0
C002675,43,26.0,1113.64,1,9.74,73.27,one_year,card,yes,0
C002676,69,30.87,2410.72,2,0.64,70.82,month-to-month,bank_transfer,yes,0
C002677,63,47.59,3230.99,6,2.68,73.16,month-to-month,digital_wallet,yes,0
C002678,42,40.56,1478.59,2,5.12,63.06,one_year,card,yes,0
C002679,27,77.83,2334.89,1,16.08,77.02,month-to-month,card,yes,0
C002680,9,40.01,396.71,2,0.24,62.7,one_year,cash,yes,0
C002681,8,15.0,130.09,1,2.2,21.65,month-to-month,bank_transfer,no,0
C002682,28,43.9,1196.75,1,3.27,39.16,month-to-month,digital_wallet,no,0
C002683,58,58.2,3509.78,2,1.32,50.77,one_year,bank_transfer,no,0
C002684,36,54.86,2103.04,0,1.4,53.26,month-to-month,card,yes,0
C002685,35,107.99,3662.4,1,1.62,62.15,month-to-month,card,no,0
C002686,18,54.66,1067.73,4,10.2,38.86,month-to-month,digital_wallet,yes,0
C002687,41,92.02,3516.33,2,1.01,95.17,one_year,digital_wallet,yes,0
C002688,46,69.53,2894.63,2,0.61,52.95,month-to-month,bank_transfer,yes,0
C002689,70,68.94,5345.58,4,0.11,54.85,month-to-month,bank_transfer,yes,0
C002690,52,49.12,2430.89,2,13.42,41.59,month-to-month,bank_transfer,no,0
C002691,44,68.53,2614.39,4,1.09,34.93,two_year,card,yes,0
C002692,65,50.87,3636.76,1,3.47,52.47,one_year,card,yes,0
C002693,31,74.25,2508.25,1,6.9,55.55,one_year,cash,yes,0
C002694,67,64.09,4683.85,2,4.43,53.26,one_year,card,yes,0
C002695,27,46.38,1192.59,1,1.9,88.1,one_year,card,no,0
C002696,10,94.8,977.34,3,0.09,52.47,month-to-month,digital_wallet,no,1
C002697,30,80.67,2067.21,3,1.59,53.28,month-to-month,bank_transfer,yes,0
C002698,10,58.8,500.19,5,14.23,71.31,two_year,cash,yes,0
C002699,9,73.64,614.87,3,0.24,51.58,two_year,card,yes,0
C002700,63,67.9,4310.46,1,4.96,65.79,two_year,digital_wallet,yes,0
C002701,57,48.31,2836.55,4,3.3,29.42,two_year,card,yes,0
C002702,16,71.76,1021.92,3,0.26,29.58,one_year,card,yes,0
C002703,60,54.47,3628.99,1,3.43,57.44,month-to-month,bank_transfer,yes,0
C002704,5,46.38,263.85,6,3.03,50.37,one_year,digital_wallet,yes,0
C002705,21,29.43,547.44,3,1.0,38.82,month-to-month,bank_transfer,yes,0
C002706,51,61.03,3415.2,3,0.73,57.44,one_year,card,yes,0
C002707,22,84.17,1915.3,3,0.04,59.18,one_year,bank_transfer,yes,0
C002708,52,52.63,2738.91,1,14.15,40.8,one_year,card,yes,0
C002709,63,133.02,8352.62,3,2.13,44.62,month-to-month,digital_wallet,no,0
C002710,5,92.14,495.24,0,11.67,59.33,one_year,cash,yes,0
C002711,2,102.61,187.3,3,4.43,34.58,two_year,digital_wallet,no,0
C002712,67,89.88,6218.88,2,6.63,42.92,month-to-month,bank_transfer,yes,0
C002713,37,116.32,3995.77,3,9.7,65.68,month-to-month,bank_transfer,yes,1
C002714,36,50.32,1586.23,5,0.72,54.52,one_year,bank_transfer,yes,0
C002715,33,15.0,502.85,3,2.62,45.46,two_year,card,yes,0
C002716,31,58.85,1697.62,4,1.42,36.94,one_year,card,yes,0
C002717,49,83.96,4413.29,2,4.4,34.74,one_year,digital_wallet,yes,0
C002718,42,73.79,3238.94,2,0.11,52.36,month-to-month,digital_wallet,yes,0
C002719,12,76.89,846.34,0,3.32,95.52,month-to-month,card,yes,0
C002720,45,103.02,5138.89,1,2.08,66.32,two_year,digital_wallet,yes,0
C002721,48,79.55,3643.2,4,1.35,28.34,month-to-month,digital_wallet,no,0
C002722,9,89.97,860.54,2,3.27,69.14,month-to-month,cash,yes,0
C002723,27,46.51,1168.14,3,3.31,39.82,month-to-month,cash,no,0
C002724,57,42.62,2207.97,2,2.43,54.9,month-to-month,card,yes,0
C002725,44,110.35,5380.32,3,3.72,43.22,month-to-month,bank_transfer,no,0
C002726,10,72.52,816.31,1,0.63,95.46,one_year,digital_wallet,yes,0
C002727,3,54.42,156.01,3,7.24,32.32,month-to-month,digital_wallet,yes,1
C002728,42,54.47,2160.56,0,7.73,61.27,one_year,card,yes,0
C002729,33,53.77,1882.31,0,11.0,41.29,month-to-month,bank_transfer,yes,1
C002730,69,52.28,3312.02,2,4.55,69.78,two_year,digital_wallet,yes,0
C002731,38,37.92,1598.46,3,1.56,60.87,month-to-month,card,yes,0
C002732,67,32.49,1855.84,2,14.37,80.09,month-to-month,card,yes,0
C002733,16,65.12,930.13,1,3.54,69.36,month-to-month,card,no,0
C002734,32,55.18,1564.75,2,2.85,41.13,two_year,card,yes,0
C002735,10,97.68,923.41,3,1.12,100.0,one_year,bank_transfer,yes,0
C002736,41,77.33,3518.65,1,4.18,66.11,one_year,card,yes,0
C002737,14,76.63,1117.92,0,14.37,43.99,month-to-month,digital_wallet,yes,0
C002738,35,51.42,1587.83,5,3.41,59.11,month-to-month,card,yes,0
C002739,25,66.97,1462.84,6,12.27,67.62,two_year,digital_wallet,yes,0
C002740,14,79.03,1036.13,1,8.95,66.86,month-to-month,card,yes,0
C002741,7,87.9,637.46,2,16.78,64.92,one_year,digital_wallet,yes,0
C002742,37,67.65,2573.56,3,8.49,74.33,one_year,card,yes,0
C002743,68,96.98,5831.31,1,2.04,72.36,one_year,digital_wallet,yes,0
C002744,15,70.2,1135.38,1,9.13,38.05,month-to-month,card,yes,0
C002745,29,89.82,2708.17,4,1.12,97.16,month-to-month,bank_transfer,yes,0
C002746,16,57.75,1057.97,1,0.34,94.38,month-to-month,card,yes,0
C002747,58,24.69,1454.34,1,3.93,71.02,two_year,card,no,0
C002748,30,76.71,2182.06,4,6.5,55.77,two_year,digital_wallet,yes,0
C002749,70,88.13,5464.81,2,12.65,56.12,month-to-month,card,yes,0
C002750,18,84.38,1709.88,3,0.27,48.52,two_year,cash,yes,0
C002751,6,80.55,416.29,2,2.68,51.11,month-to-month,bank_transfer,no,0
C002752,42,61.29,2457.17,1,5.05,11.26,month-to-month,card,yes,0
C002753,47,49.83,2363.67,4,1.61,85.61,month-to-month,cash,no,0
C002754,71,83.79,6073.88,3,7.28,78.55,two_year,card,no,0
C002755,62,80.66,5124.5,2,0.78,21.47,month-to-month,digital_wallet,no,0
C002756,63,55.98,3756.29,2,10.77,72.8,month-to-month,card,no,0
C002757,46,97.74,3994.54,1,8.2,54.85,month-to-month,bank_transfer,yes,0
C002758,26,47.93,1328.14,0,2.09,51.02,month-to-month,digital_wallet,yes,0
C002759,31,55.41,1918.5,0,3.37,64.86,month-to-month,card,no,0
C002760,10,110.91,952.87,0,0.8,20.14,month-to-month,digital_wallet,yes,1
C002761,31,91.71,2447.22,2,12.26,54.78,one_year,card,yes,0
C002762,26,61.05,1821.28,2,3.23,56.59,two_year,digital_wallet,no,0
C002763,3,77.18,218.49,2,2.3,56.61,month-to-month,card,yes,0
C002764,15,73.87,1093.11,1,9.81,27.65,two_year,card,yes,0
C002765,38,15.0,537.52,3,2.63,63.94,one_year,card,yes,0
C002766,27,47.34,1299.79,2,0.43,76.2,two_year,bank_transfer,yes,0
C002767,71,68.73,5189.34,2,4.75,63.15,month-to-month,cash,yes,0
C002768,34,61.08,2238.85,1,1.41,50.42,two_year,cash,yes,1
C002769,69,76.18,5028.22,1,4.66,100.0,one_year,digital_wallet,no,0
C002770,47,98.24,4285.51,2,3.43,36.51,month-to-month,digital_wallet,no,0
C002771,3,61.96,188.49,6,0.39,70.47,one_year,digital_wallet,yes,1
C002772,15,43.56,630.69,2,10.51,59.87,month-to-month,bank_transfer,no,0
C002773,51,78.12,4130.14,1,4.36,95.25,one_year,card,yes,0
C002774,39,61.83,2492.25,3,7.03,62.73,one_year,digital_wallet,yes,0
C002775,22,66.1,1626.25,3,22.41,67.02,month-to-month,card,no,0
C002776,38,62.71,2028.15,0,3.92,65.11,month-to-month,digital_wallet,no,0
C002777,65,126.05,7214.37,3,0.64,33.83,two_year,bank_transfer,yes,0
C002778,28,15.0,456.13,0,11.35,37.62,month-to-month,card,yes,0
C002779,4,60.29,247.21,2,11.86,49.49,one_year,digital_wallet,yes,0
C002780,23,69.91,1396.85,3,1.29,74.15,one_year,card,yes,0
C002781,67,50.47,3830.55,0,2.47,59.66,month-to-month,cash,yes,0
C002782,55,92.5,5316.8,2,1.68,50.87,month-to-month,cash,yes,0
C002783,60,90.33,5397.12,5,1.31,82.44,two_year,bank_transfer,no,0
C002784,65,68.81,4847.52,3,10.32,15.35,two_year,digital_wallet,yes,1
C002785,9,63.23,585.49,0,1.04,29.08,month-to-month,card,yes,0
C002786,21,67.2,1357.58,0,3.85,5.07,month-to-month,bank_transfer,yes,0
C002787,5,67.38,316.35,1,1.69,79.17,month-to-month,digital_wallet,yes,0
C002788,1,68.04,67.09,4,3.33,53.07,one_year,card,yes,0
C002789,60,65.3,3888.91,4,15.9,74.33,month-to-month,card,yes,0
C002790,67,76.31,5438.08,1,4.76,52.81,month-to-month,card,yes,0
C002791,12,88.83,1057.33,0,2.89,75.46,month-to-month,digital_wallet,yes,0
C002792,52,39.24,1745.79,2,1.72,52.46,two_year,digital_wallet,yes,0
C002793,38,43.73,1753.93,3,5.83,63.2,month-to-month,card,yes,0
C002794,5,26.29,114.46,1,6.12,60.27,one_year,card,no,0
C002795,66,91.66,6678.1,3,6.86,61.75,month-to-month,digital_wallet,yes,0
C002796,62,76.26,5023.42,1,2.05,88.69,one_year,card,yes,0
C002797,41,82.63,3487.34,1,1.43,22.51,one_year,card,yes,0
C002798,51,34.26,1723.36,3,1.68,53.63,two_year,card,yes,0
C002799,29,114.62,2997.11,3,4.52,58.96,one_year,digital_wallet,yes,0
C002800,57,54.78,3267.57,2,6.02,55.97,month-to-month,card,yes,0
C002801,32,74.21,2096.38,1,5.67,47.04,month-to-month,card,yes,0
C002802,71,91.36,6689.97,3,3.74,44.31,month-to-month,bank_transfer,yes,0
C002803,5,45.33,205.1,2,17.04,85.6,month-to-month,card,yes,0
C002804,13,56.34,753.73,1,2.25,53.59,two_year,cash,no,0
C002805,69,74.48,4601.26,1,13.03,100.0,month-to-month,digital_wallet,yes,0
C002806,21,141.44,2608.84,2,2.84,65.57,two_year,bank_transfer,yes,0
C002807,23,77.53,1767.56,1,3.6,49.21,month-to-month,bank_transfer,yes,0
C002808,57,110.16,6674.18,3,32.76,66.05,two_year,card,no,0
C002809,14,100.14,1291.98,0,4.99,57.18,two_year,bank_transfer,yes,0
C002810,37,79.2,2928.39,4,11.19,81.84,one_year,card,yes,0
C002811,21,45.27,1035.91,2,8.13,31.65,month-to-month,bank_transfer,yes,1
C002812,15,96.49,1468.87,2,4.01,18.98,two_year,card,yes,0
C002813,69,32.55,2311.2,4,2.98,62.22,two_year,digital_wallet,yes,0
C002814,15,110.02,1511.78,3,5.85,71.71,month-to-month,card,no,0
C002815,7,75.0,465.86,1,5.72,60.72,two_year,bank_transfer,yes,0
C002816,48,15.0,644.19,5,9.79,68.45,two_year,card,yes,0
C002817,62,61.49,4352.94,0,6.81,65.51,month-to-month,card,yes,0
C002818,10,86.35,756.4,6,3.25,25.39,month-to-month,bank_transfer,yes,1
C002819,51,64.07,2926.15,2,6.82,60.62,month-to-month,bank_transfer,no,0
C002820,39,87.88,3124.54,0,2.65,81.34,month-to-month,cash,yes,0
C002821,59,48.75,3124.67,2,0.78,58.44,two_year,card,no,0
C002822,10,37.35,362.07,3,5.4,28.8,two_year,card,no,0
C002823,70,68.21,5191.68,3,0.94,48.32,month-to-month,bank_transfer,yes,0
C002824,44,70.79,3038.97,1,0.49,66.14,one_year,card,yes,0
C002825,60,61.29,4002.58,3,4.58,90.91,month-to-month,digital_wallet,yes,0
C002826,26,100.68,2928.31,6,5.42,15.87,month-to-month,card,yes,1
C002827,67,48.74,3214.26,1,1.04,62.22,one_year,digital_wallet,yes,0
C002828,45,77.83,4013.33,2,5.41,36.36,one_year,digital_wallet,yes,0
C002829,10,71.7,810.11,0,5.77,65.15,month-to-month,card,yes,0
C002830,66,31.08,1753.16,0,2.29,66.76,month-to-month,bank_transfer,yes,0
C002831,57,37.02,2150.99,1,8.05,50.34,two_year,bank_transfer,no,0
C002832,22,70.3,1619.45,4,0.4,67.63,month-to-month,bank_transfer,yes,0
C002833,39,119.53,5141.59,1,5.61,77.8,month-to-month,card,yes,0
C002834,28,84.48,2488.51,4,0.37,51.71,two_year,bank_transfer,yes,0
C002835,39,26.86,1106.66,3,0.73,28.26,two_year,digital_wallet,yes,0
C002836,69,15.0,969.68,3,1.49,83.51,one_year,bank_transfer,no,0
C002837,64,88.33,6196.48,1,9.09,71.57,month-to-month,bank_transfer,yes,0
C002838,16,67.59,939.82,1,0.45,66.28,one_year,digital_wallet,yes,0
C002839,69,98.53,7119.71,1,5.86,41.18,one_year,bank_transfer,yes,0
C002840,32,47.98,1398.17,0,4.09,74.71,month-to-month,bank_transfer,no,0
C002841,51,78.76,4336.53,2,0.23,95.85,month-to-month,card,yes,0
C002842,55,91.15,5450.03,3,1.51,52.57,month-to-month,card,no,0
C002843,35,58.81,1857.64,2,8.74,56.89,month-to-month,card,yes,0
C002844,33,59.35,2130.95,5,2.18,33.7,two_year,bank_transfer,no,0
C002845,33,70.63,2566.84,1,8.06,40.61,one_year,digital_wallet,yes,0
C002846,62,83.57,4486.41,2,1.11,33.51,month-to-month,card,no,0
C002847,28,69.64,1909.02,6,6.24,57.62,month-to-month,digital_wallet,yes,0
C002848,20,94.35,1713.03,3,1.57,48.18,month-to-month,card,yes,0
C002849,26,58.45,1349.41,1,0.95,62.46,month-to-month,card,yes,0
C002850,14,36.79,561.97,2,2.52,37.16,month-to-month,card,yes,1
C002851,28,119.42,3136.41,2,4.38,51.65,two_year,bank_transfer,yes,0
C002852,9,54.88,515.3,1,0.38,35.93,two_year,card,yes,0
C002853,7,55.79,332.38,4,1.75,58.75,two_year,card,no,0
C002854,52,68.35,3106.01,4,1.67,22.35,month-to-month,bank_transfer,yes,0
C002855,6,71.68,444.3,0,1.32,58.03,two_year,bank_transfer,yes,0
C002856,41,60.33,2377.38,2,2.65,49.43,one_year,bank_transfer,yes,0
C002857,56,69.56,4339.35,3,0.3,58.62,month-to-month,card,yes,0
C002858,52,69.01,3138.59,5,10.76,21.95,month-to-month,card,yes,1
C002859,32,74.37,2468.21,4,5.77,68.09,month-to-month,card,yes,0
C002860,14,15.0,222.78,1,0.31,49.03,month-to-month,card,yes,0
C002861,67,117.02,8102.07,2,0.84,59.34,two_year,bank_transfer,no,0
C002862,60,66.32,4194.78,0,1.55,17.6,one_year,bank_transfer,yes,0
C002863,44,84.52,3439.04,2,2.09,30.15,two_year,cash,yes,0
C002864,7,35.55,268.78,2,24.56,47.2,one_year,digital_wallet,yes,0
C002865,3,58.22,177.54,2,5.73,82.51,month-to-month,card,yes,0
C002866,23,53.19,1329.14,1,0.7,65.55,month-to-month,card,no,0
C002867,12,106.74,1135.57,1,2.16,57.6,month-to-month,digital_wallet,yes,0
C002868,62,55.35,3047.98,1,2.27,36.51,two_year,card,no,0
C002869,15,88.95,1292.46,1,7.9,32.87,month-to-month,bank_transfer,yes,0
C002870,21,53.74,1091.24,2,2.43,60.53,month-to-month,digital_wallet,yes,0
C002871,70,58.68,3650.05,2,3.38,69.01,month-to-month,bank_transfer,yes,0
C002872,59,63.86,3294.43,5,10.46,59.18,one_year,card,yes,0
C002873,16,102.1,1428.09,2,1.68,89.19,month-to-month,card,yes,0
C002874,28,22.75,551.55,3,9.06,41.35,month-to-month,card,yes,0
C002875,37,37.11,1180.71,2,2.82,58.59,one_year,card,yes,0
C002876,48,21.32,1117.71,1,1.46,21.14,month-to-month,card,yes,0
C002877,67,42.81,3242.75,4,2.97,59.22,one_year,bank_transfer,yes,0
C002878,62,49.71,3013.3,1,4.47,84.39,one_year,bank_transfer,yes,0
C002879,70,29.64,1879.69,1,4.29,34.17,month-to-month,card,yes,0
C002880,3,51.65,146.96,1,3.33,71.84,month-to-month,card,yes,0
C002881,17,19.63,365.64,2,0.85,83.82,month-to-month,cash,yes,0
C002882,40,44.55,2011.49,2,12.12,41.21,month-to-month,card,yes,0
C002883,4,100.01,368.68,1,1.87,64.34,one_year,card,yes,0
C002884,26,80.09,1789.1,2,4.92,86.59,month-to-month,bank_transfer,no,0
C002885,11,74.69,774.38,2,4.21,59.61,month-to-month,card,no,1
C002886,67,44.93,2906.82,2,1.92,70.73,one_year,card,yes,0
C002887,5,31.6,134.43,2,11.1,19.52,one_year,card,yes,1
C002888,11,41.52,481.59,3,0.54,66.94,two_year,cash,yes,1
C002889,14,68.92,856.18,1,2.76,65.34,two_year,bank_transfer,yes,0
C002890,11,91.7,882.2,3,10.81,28.48,month-to-month,bank_transfer,yes,1
C002891,41,92.56,4044.41,3,0.23,35.71,month-to-month,digital_wallet,no,0
C002892,26,85.77,2411.04,4,10.35,67.08,one_year,bank_transfer,no,0
C002893,65,51.56,3033.78,3,2.52,48.95,one_year,card,no,0
C002894,19,70.61,1449.73,1,3.17,77.24,month-to-month,bank_transfer,yes,0
C002895,39,61.97,2269.87,5,3.72,61.21,two_year,bank_transfer,yes,0
C002896,47,64.97,2877.83,2,0.27,56.13,one_year,card,yes,0
C002897,45,120.93,4825.38,1,2.12,51.59,month-to-month,digital_wallet,yes,0
C002898,57,25.95,1357.79,2,1.07,60.85,one_year,card,yes,0
C002899,15,64.13,828.89,1,11.26,71.06,month-to-month,card,yes,0
C002900,37,100.29,3902.31,1,5.42,65.68,two_year,card,no,0
C002901,57,33.35,2101.5,2,1.94,46.54,month-to-month,card,yes,0
C002902,62,53.91,2889.34,1,2.02,79.79,one_year,cash,yes,0
C002903,44,56.77,2314.76,3,0.5,68.15,one_year,bank_transfer,yes,0
C002904,47,64.42,2887.95,4,0.76,62.7,month-to-month,card,no,0
C002905,62,30.1,1806.11,4,8.88,56.83,one_year,bank_transfer,no,0
C002906,45,84.88,4191.21,5,0.14,65.0,month-to-month,digital_wallet,yes,1
C002907,68,86.66,5084.58,1,1.95,18.37,month-to-month,bank_transfer,yes,0
C002908,10,82.71,855.41,2,10.7,59.83,month-to-month,bank_transfer,yes,0
C002909,25,48.24,1217.69,2,8.69,87.8,one_year,digital_wallet,yes,0
C002910,8,72.16,635.92,3,3.23,59.4,two_year,card,no,0
C002911,7,47.51,313.23,1,13.47,56.67,month-to-month,bank_transfer,no,0
C002912,34,61.69,1846.76,3,12.35,43.08,one_year,bank_transfer,yes,0
C002913,17,123.84,1871.91,0,10.22,64.85,two_year,digital_wallet,yes,1
C002914,29,72.39,2181.62,4,3.14,51.1,month-to-month,digital_wallet,yes,1
C002915,32,40.31,1307.69,0,0.14,81.19,two_year,cash,yes,0
C002916,45,74.51,3445.7,3,9.2,37.73,month-to-month,card,yes,0
C002917,68,36.21,2193.91,2,0.93,45.95,two_year,digital_wallet,yes,0
C002918,61,40.02,2106.4,3,1.18,42.98,one_year,digital_wallet,no,0
C002919,27,43.97,1210.92,3,4.95,91.69,two_year,card,yes,0
C002920,24,58.89,1235.77,2,4.39,51.2,month-to-month,cash,yes,0
C002921,55,93.42,5800.62,0,11.52,44.04,month-to-month,digital_wallet,yes,0
C002922,9,84.46,829.31,0,2.0,13.19,two_year,digital_wallet,no,0
C002923,39,83.07,2928.84,2,15.93,36.77,one_year,card,no,0
C002924,31,42.53,1357.03,0,0.94,65.56,one_year,card,no,0
C002925,13,56.47,653.04,1,2.41,65.48,one_year,cash,yes,0
C002926,44,76.8,3821.37,1,1.07,41.98,one_year,cash,yes,0
C002927,23,54.29,1282.23,1,10.6,43.09,month-to-month,card,yes,1
C002928,14,63.04,834.32,3,3.4,92.2,month-to-month,card,no,0
C002929,47,81.03,4014.72,2,2.43,100.0,month-to-month,bank_transfer,yes,0
C002930,13,61.28,677.76,1,11.89,78.0,month-to-month,card,yes,0
C002931,48,75.65,3400.17,2,0.98,86.19,two_year,bank_transfer,yes,0
C002932,12,109.82,1212.72,1,1.08,90.43,month-to-month,cash,yes,0
C002933,31,65.7,1942.82,0,2.23,99.29,month-to-month,card,yes,0
C002934,58,99.48,5052.2,1,5.36,48.96,month-to-month,digital_wallet,yes,0
C002935,17,83.98,1628.18,2,0.09,37.43,two_year,bank_transfer,yes,0
C002936,55,33.32,1814.89,5,0.92,91.67,month-to-month,card,yes,0
C002937,52,42.45,2443.22,1,8.33,35.71,month-to-month,bank_transfer,yes,0
C002938,65,49.16,2773.15,1,4.26,34.43,one_year,bank_transfer,yes,0
C002939,12,48.63,643.92,1,1.05,34.89,month-to-month,digital_wallet,yes,0
C002940,51,67.74,3613.5,0,6.27,52.37,one_year,bank_transfer,yes,0
C002941,67,85.37,6026.28,5,0.61,15.31,month-to-month,cash,yes,0
C002942,55,101.38,6088.28,2,5.8,26.34,one_year,card,yes,0
C002943,14,77.7,1096.37,3,2.23,42.55,month-to-month,cash,yes,1
C002944,59,58.86,3612.23,0,12.31,31.08,month-to-month,bank_transfer,yes,0
C002945,8,17.94,160.77,0,1.44,76.25,month-to-month,card,yes,0
C002946,42,71.76,2675.13,3,2.34,55.13,one_year,card,yes,0
C002947,36,70.64,2204.19,1,2.45,66.54,two_year,card,yes,0
C002948,38,74.57,3244.14,2,0.55,64.35,month-to-month,bank_transfer,no,0
C002949,37,122.66,5057.67,2,1.09,50.86,one_year,cash,yes,0
C002950,3,101.01,304.32,2,2.57,74.76,month-to-month,digital_wallet,yes,1
C002951,37,89.63,3595.51,0,1.16,64.04,one_year,card,yes,0
C002952,67,45.95,3431.25,2,2.0,48.63,two_year,card,no,0
C002953,32,57.18,1811.41,4,12.72,21.32,month-to-month,bank_transfer,yes,0
C002954,20,67.63,1189.44,1,3.37,65.41,month-to-month,digital_wallet,yes,0
C002955,71,50.61,3572.79,3,2.36,29.77,one_year,digital_wallet,yes,0
C002956,8,82.51,630.66,1,2.69,62.61,two_year,card,yes,0
C002957,35,78.92,2367.13,2,0.17,56.58,one_year,card,yes,0
C002958,37,42.79,1801.36,1,5.33,27.79,month-to-month,card,yes,0
C002959,34,99.92,3617.22,1,1.06,60.17,one_year,bank_transfer,yes,0
C002960,66,72.56,5199.43,2,20.05,58.83,month-to-month,card,yes,0
C002961,30,26.77,826.51,2,0.14,58.9,two_year,card,yes,0
C002962,70,68.72,4477.05,2,7.66,57.94,two_year,digital_wallet,no,0
C002963,5,77.03,394.94,3,12.86,41.95,two_year,bank_transfer,yes,0
C002964,53,94.32,5269.3,2,0.29,66.83,two_year,cash,yes,0
C002965,43,61.56,2724.52,2,13.97,41.25,two_year,digital_wallet,yes,0
C002966,18,90.7,1449.96,2,1.11,33.51,month-to-month,card,yes,0
C002967,17,74.68,1388.95,1,1.76,68.49,two_year,card,no,0
C002968,52,37.12,1813.19,0,10.2,73.73,month-to-month,bank_transfer,yes,0
C002969,46,34.62,1543.22,4,1.41,67.12,month-to-month,digital_wallet,yes,0
C002970,44,98.06,4380.46,6,10.29,50.86,month-to-month,bank_transfer,no,0
C002971,4,99.9,456.86,4,0.86,16.21,month-to-month,cash,no,1
C002972,43,78.07,3168.31,0,5.51,84.63,month-to-month,digital_wallet,yes,0
C002973,70,107.39,6484.3,6,3.71,15.9,month-to-month,bank_transfer,yes,0
C002974,2,96.42,220.16,3,11.67,66.72,month-to-month,card,yes,1
C002975,34,87.09,3367.47,1,3.94,97.2,month-to-month,card,no,0
C002976,36,47.22,1545.96,3,9.09,57.99,month-to-month,bank_transfer,yes,0
C002977,64,113.29,7965.98,2,1.01,60.82,one_year,card,no,0
C002978,21,83.41,1972.05,0,1.11,62.59,one_year,digital_wallet,yes,0
C002979,34,60.35,1752.23,2,4.0,58.96,one_year,bank_transfer,no,0
C002980,51,53.29,2925.68,1,31.07,100.0,one_year,card,yes,0
C002981,5,76.42,345.4,3,1.99,38.14,one_year,digital_wallet,no,0
C002982,57,28.22,1766.65,3,5.57,35.63,month-to-month,bank_transfer,no,0
C002983,59,87.49,4420.15,3,0.33,48.45,month-to-month,card,yes,0
C002984,52,46.16,2538.07,5,0.02,89.82,month-to-month,bank_transfer,no,0
C002985,47,79.27,4079.51,2,14.24,43.46,month-to-month,digital_wallet,yes,0
C002986,54,56.96,2647.33,4,0.74,63.61,two_year,bank_transfer,yes,0
C002987,56,63.39,3823.57,2,11.85,76.42,month-to-month,card,yes,0
C002988,65,51.08,2940.31,1,7.34,70.58,two_year,digital_wallet,no,0
C002989,31,65.97,1786.81,2,2.55,75.36,month-to-month,digital_wallet,yes,0
C002990,33,117.23,4356.97,1,12.89,83.36,one_year,card,yes,0
C002991,46,104.63,5423.61,3,9.28,61.16,month-to-month,card,yes,1
C002992,14,78.86,1183.94,5,0.21,45.86,two_year,bank_transfer,no,1
C002993,61,69.37,4726.76,6,2.35,57.94,one_year,card,yes,0
C002994,55,91.11,4284.28,3,1.94,48.22,month-to-month,cash,yes,0
C002995,45,98.25,4436.71,4,1.0,100.0,month-to-month,card,yes,0
C002996,22,49.25,1204.41,1,0.26,44.35,one_year,digital_wallet,no,0
C002997,25,68.06,1902.1,2,7.08,64.66,month-to-month,cash,yes,0
C002998,31,24.45,727.74,4,9.53,24.98,month-to-month,card,yes,0
C002999,48,98.08,4460.02,0,1.03,57.66,two_year,bank_transfer,yes,0
C003000,56,121.63,7219.65,2,2.59,49.26,one_year,card,yes,0
C003001,48,72.0,3000.07,3,13.45,68.51,month-to-month,bank_transfer,yes,0
C003002,67,16.87,1225.76,2,4.46,69.04,month-to-month,cash,yes,0
C003003,69,85.22,5438.75,2,0.81,83.34,month-to-month,cash,yes,0
C003004,51,47.4,2432.93,6,5.43,81.75,one_year,bank_transfer,yes,0
C003005,27,53.42,1309.21,3,0.55,53.67,month-to-month,digital_wallet,yes,0
C003006,43,85.66,3942.55,2,5.01,36.11,month-to-month,digital_wallet,no,0
C003007,31,76.36,2691.46,1,1.33,38.46,month-to-month,card,yes,0
C003008,45,57.8,2632.74,2,0.53,61.05,two_year,digital_wallet,yes,0
C003009,58,53.76,3539.68,2,3.33,58.16,month-to-month,card,yes,0
C003010,27,73.15,1916.92,1,4.43,60.16,one_year,cash,yes,0
C003011,36,59.76,2013.62,3,0.5,44.3,month-to-month,digital_wallet,yes,0
C003012,4,42.27,186.25,1,3.35,83.74,one_year,bank_transfer,yes,0
C003013,53,61.69,2816.15,4,2.68,25.55,month-to-month,card,no,0
C003014,35,78.49,2566.8,1,2.08,43.19,two_year,cash,no,0
C003015,33,65.55,2286.68,1,8.25,33.46,two_year,card,yes,0
C003016,38,34.66,1194.24,3,3.29,50.82,month-to-month,bank_transfer,yes,0
C003017,16,94.73,1693.16,0,2.17,79.93,month-to-month,bank_transfer,yes,0
C003018,43,15.0,641.55,2,0.49,49.24,two_year,card,no,0
C003019,53,58.84,2880.84,2,0.19,57.03,month-to-month,card,yes,0
C003020,25,54.5,1309.76,2,6.54,68.28,two_year,card,yes,0
C003021,10,73.7,689.23,4,2.01,48.29,two_year,cash,yes,0
C003022,28,84.04,2495.0,3,8.3,62.65,month-to-month,digital_wallet,yes,0
C003023,15,98.17,1300.21,2,0.07,60.02,month-to-month,digital_wallet,yes,0
C003024,27,52.19,1558.64,1,13.87,32.38,month-to-month,bank_transfer,no,0
C003025,45,84.66,3408.52,0,2.9,45.71,one_year,digital_wallet,yes,0
C003026,9,74.9,630.07,2,2.37,62.09,month-to-month,bank_transfer,yes,0
C003027,54,27.21,1525.28,1,5.17,80.64,one_year,digital_wallet,yes,0
C003028,16,117.51,1797.98,1,2.99,80.63,month-to-month,digital_wallet,yes,0
C003029,64,34.03,2184.53,0,41.89,96.91,one_year,card,yes,0
C003030,53,80.49,4354.27,3,3.43,64.71,month-to-month,cash,yes,0
C003031,20,79.75,1479.67,1,6.81,46.73,month-to-month,cash,yes,1
C003032,40,76.89,3107.56,2,2.1,53.72,month-to-month,bank_transfer,yes,0
C003033,8,57.64,521.86,1,6.46,52.72,month-to-month,cash,yes,1
C003034,8,90.68,617.17,5,6.16,46.84,month-to-month,digital_wallet,yes,0
C003035,68,30.99,2168.21,0,7.13,62.66,two_year,card,no,0
C003036,57,68.35,3686.04,2,3.58,63.59,month-to-month,card,no,0
C003037,11,55.9,681.73,0,1.78,31.52,month-to-month,digital_wallet,yes,0
C003038,21,53.07,979.55,1,0.53,76.76,one_year,digital_wallet,yes,0
C003039,15,80.72,1051.18,2,12.95,18.26,one_year,card,yes,0
C003040,29,96.94,2730.97,1,2.09,50.55,month-to-month,bank_transfer,yes,0
C003041,21,61.42,1357.02,1,1.08,77.99,month-to-month,bank_transfer,yes,0
C003042,24,89.52,1830.31,0,0.69,67.15,month-to-month,bank_transfer,yes,0
C003043,38,71.24,2960.03,3,2.14,47.86,month-to-month,card,yes,1
C003044,14,47.68,634.8,3,0.58,94.38,month-to-month,card,yes,0
C003045,63,63.55,4508.5,2,0.82,46.2,month-to-month,digital_wallet,no,0
C003046,52,62.51,3646.37,2,5.02,14.96,one_year,card,yes,0
C003047,54,52.58,3064.24,3,1.38,64.05,two_year,bank_transfer,yes,0
C003048,13,80.71,1123.86,1,20.68,19.43,month-to-month,bank_transfer,yes,0
C003049,51,75.87,3986.19,3,4.93,38.37,month-to-month,cash,yes,0
C003050,60,30.23,1974.29,1,5.47,67.46,two_year,cash,yes,0
C003051,13,28.71,337.21,1,1.77,45.78,one_year,cash,yes,0
C003052,54,80.62,4767.47,3,1.16,66.61,one_year,bank_transfer,yes,0
C003053,26,49.62,1315.3,1,4.71,31.84,two_year,card,yes,0
C003054,56,77.55,4710.23,4,9.84,72.17,one_year,card,yes,0
C003055,34,89.52,3038.13,2,6.98,21.18,one_year,bank_transfer,no,0
C003056,57,38.23,2264.5,5,2.58,81.37,month-to-month,card,yes,0
C003057,11,34.71,363.68,0,2.9,45.49,two_year,card,yes,0
C003058,28,111.86,3061.08,1,0.48,85.62,one_year,card,yes,0
C003059,20,78.79,1511.86,2,6.72,38.19,month-to-month,card,yes,1
C003060,18,59.52,1148.67,0,3.56,93.5,one_year,bank_transfer,yes,0
C003061,22,46.65,934.13,1,9.63,35.85,month-to-month,cash,yes,0
C003062,28,57.24,1809.69,1,1.36,19.12,month-to-month,card,yes,1
C003063,10,40.24,442.1,3,5.25,55.86,month-to-month,card,yes,0
C003064,51,92.09,5206.0,1,14.94,79.68,one_year,bank_transfer,yes,0
C003065,40,50.58,2274.52,1,0.15,70.82,month-to-month,card,yes,0
C003066,59,97.34,5632.73,0,3.24,78.26,one_year,cash,yes,0
C003067,51,59.98,3418.88,0,0.75,71.21,one_year,bank_transfer,no,0
C003068,11,43.92,474.98,2,7.79,38.59,month-to-month,card,no,0
C003069,5,59.34,261.25,3,1.05,70.33,month-to-month,digital_wallet,yes,0
C003070,31,15.0,402.17,4,6.15,56.86,month-to-month,bank_transfer,yes,0
C003071,35,66.98,2037.4,3,6.13,40.81,one_year,bank_transfer,yes,0
C003072,18,65.75,1072.68,2,7.97,58.59,two_year,card,no,0
C003073,56,90.62,4861.21,2,3.71,53.87,month-to-month,card,yes,0
C003074,42,22.84,1097.32,3,0.14,83.32,one_year,card,yes,0
C003075,54,99.05,4933.26,0,0.1,44.7,two_year,digital_wallet,no,0
C003076,8,90.51,813.84,1,10.71,43.77,one_year,card,yes,1
C003077,58,101.3,6422.65,1,11.48,41.03,month-to-month,card,yes,0
C003078,15,68.68,1141.84,2,9.71,92.94,month-to-month,bank_transfer,yes,0
C003079,32,95.35,3311.77,2,4.43,42.15,two_year,bank_transfer,yes,0
C003080,32,33.22,1213.87,3,8.51,80.94,month-to-month,card,no,0
C003081,59,87.83,4590.74,3,0.99,34.37,month-to-month,cash,yes,1
C003082,20,50.72,1008.02,2,1.32,65.13,month-to-month,bank_transfer,yes,0
C003083,18,28.71,492.5,1,2.08,60.25,month-to-month,cash,yes,0
C003084,25,41.9,979.61,3,6.65,79.67,one_year,card,yes,0
C003085,26,70.14,1794.5,2,3.59,76.77,two_year,bank_transfer,yes,0
C003086,13,49.39,638.43,0,7.54,56.64,two_year,bank_transfer,yes,0
C003087,13,79.4,1182.71,2,2.37,44.26,one_year,bank_transfer,yes,0
C003088,17,24.79,391.74,1,7.43,87.5,two_year,card,yes,0
C003089,34,16.82,642.61,1,6.04,42.26,one_year,card,yes,0
C003090,25,104.31,2347.21,0,11.15,9.65,two_year,digital_wallet,yes,0
C003091,28,92.6,2721.03,1,2.35,17.83,two_year,digital_wallet,yes,0
C003092,52,43.77,2143.06,2,5.64,22.7,two_year,card,no,0
C003093,18,69.93,1432.49,2,11.54,66.91,month-to-month,card,yes,0
C003094,65,95.49,6457.35,3,9.26,99.29,month-to-month,card,yes,0
C003095,54,80.48,3777.76,1,0.43,14.2,month-to-month,bank_transfer,yes,0
C003096,13,73.71,1079.92,1,8.84,39.35,one_year,card,yes,0
C003097,23,97.38,2101.18,2,11.1,56.78,two_year,digital_wallet,yes,0
C003098,14,51.73,817.11,1,2.04,85.91,two_year,card,yes,0
C003099,20,70.78,1208.98,2,3.79,39.24,two_year,digital_wallet,yes,0
C003100,26,69.55,1655.78,6,2.31,66.82,two_year,digital_wallet,yes,0
C003101,10,63.18,589.81,2,6.59,50.0,month-to-month,card,yes,0
C003102,2,60.25,127.31,1,13.21,100.0,month-to-month,digital_wallet,yes,0
C003103,32,71.82,2503.73,3,2.68,57.89,one_year,cash,no,0
C003104,50,70.86,3681.28,1,3.86,62.11,month-to-month,bank_transfer,yes,0
C003105,22,43.79,836.79,2,0.76,56.69,one_year,card,yes,0
C003106,62,90.04,5471.64,3,3.18,46.71,one_year,bank_transfer,yes,0
C003107,27,45.59,1228.72,1,1.81,74.0,month-to-month,card,yes,0
C003108,64,64.54,3955.75,1,3.01,31.82,one_year,cash,no,0
C003109,17,62.62,1038.81,0,6.59,14.96,one_year,bank_transfer,yes,0
C003110,39,78.95,3063.09,1,7.99,52.0,one_year,digital_wallet,yes,0
C003111,55,17.02,951.4,2,0.55,71.31,two_year,bank_transfer,yes,0
C003112,5,92.27,479.49,4,9.98,43.38,month-to-month,card,yes,1
C003113,67,53.08,3246.8,1,0.58,58.73,one_year,bank_transfer,yes,0
C003114,26,100.5,2927.86,1,4.86,30.59,month-to-month,digital_wallet,yes,0
C003115,36,58.05,2295.2,2,8.34,76.25,month-to-month,card,no,0
C003116,45,68.78,3361.18,1,4.23,68.04,month-to-month,card,yes,0
C003117,46,117.84,5918.25,2,9.47,55.39,one_year,cash,no,0
C003118,2,63.07,127.1,3,1.7,58.37,two_year,card,yes,1
C003119,62,100.97,7111.09,2,9.3,27.13,month-to-month,digital_wallet,yes,0
C003120,45,70.98,3065.48,0,3.05,28.02,one_year,card,yes,0
C003121,71,80.39,5570.36,1,4.7,52.56,two_year,digital_wallet,no,0
C003122,34,71.75,2670.93,1,9.24,65.27,two_year,bank_transfer,yes,0
C003123,44,91.2,4456.84,3,1.83,66.29,month-to-month,card,yes,0
C003124,32,52.86,1665.69,0,6.49,47.74,month-to-month,card,no,0
C003125,64,45.4,3208.87,5,1.48,69.91,month-to-month,card,yes,0
C003126,60,54.04,3371.73,1,4.19,83.42,two_year,digital_wallet,yes,0
C003127,65,72.49,4553.73,3,2.45,53.23,month-to-month,card,yes,0
C003128,36,64.48,2603.64,4,1.85,61.19,month-to-month,card,yes,0
C003129,57,87.76,5006.92,3,13.08,50.84,two_year,bank_transfer,yes,0
C003130,26,102.62,2947.54,3,2.55,52.47,month-to-month,cash,yes,0
C003131,33,45.6,1645.98,3,1.73,58.39,one_year,card,yes,0
C003132,54,51.65,2451.65,2,0.56,89.07,two_year,bank_transfer,yes,0
C003133,6,34.09,227.34,2,10.53,73.31,month-to-month,cash,yes,1
C003134,51,120.76,5535.01,1,5.38,71.5,month-to-month,bank_transfer,yes,0
C003135,2,77.62,169.85,1,5.34,45.93,month-to-month,cash,yes,0
C003136,42,82.0,3707.83,0,0.22,37.04,one_year,bank_transfer,yes,0
C003137,34,36.49,1329.11,1,0.59,62.79,month-to-month,digital_wallet,yes,0
C003138,34,69.97,2679.39,3,9.59,79.87,month-to-month,digital_wallet,yes,0
C003139,36,82.73,3068.17,3,1.49,89.47,month-to-month,card,yes,0
C003140,35,63.68,2120.92,1,0.78,5.95,month-to-month,bank_transfer,yes,0
C003141,29,96.89,2888.44,1,0.57,100.0,two_year,bank_transfer,yes,0
C003142,33,127.8,4465.4,0,3.4,63.34,month-to-month,card,no,0
C003143,41,46.32,1822.12,0,1.44,73.18,one_year,bank_transfer,yes,0
C003144,55,44.45,2264.43,1,5.01,20.2,two_year,digital_wallet,yes,0
C003145,40,48.06,1916.3,4,8.06,50.26,one_year,card,no,0
C003146,46,110.15,5672.61,2,12.11,71.46,one_year,bank_transfer,yes,0
C003147,60,96.06,5989.11,3,3.0,31.51,month-to-month,card,yes,0
C003148,71,66.61,5293.08,1,1.57,0.0,month-to-month,card,yes,0
C003149,8,70.91,563.08,3,3.95,61.71,month-to-month,bank_transfer,yes,1
C003150,51,49.59,2868.03,3,3.61,54.0,month-to-month,card,no,0
C003151,16,92.25,1605.11,1,13.41,83.83,two_year,bank_transfer,yes,0
C003152,14,60.5,810.08,3,7.97,51.8,month-to-month,card,yes,1
C003153,57,63.5,3563.17,2,1.1,53.27,month-to-month,cash,yes,0
C003154,5,85.22,489.73,2,9.27,68.95,one_year,digital_wallet,yes,0
C003155,61,65.3,4525.48,2,1.39,75.67,two_year,card,yes,0
C003156,55,64.13,3431.95,4,6.24,40.83,one_year,card,yes,0
C003157,71,70.26,5487.99,3,4.77,73.89,month-to-month,card,no,0
C003158,48,89.88,4844.75,2,5.01,44.57,one_year,card,yes,0
C003159,62,111.16,6378.77,1,0.87,55.33,month-to-month,digital_wallet,yes,0
C003160,9,84.64,765.76,3,2.73,68.42,one_year,bank_transfer,yes,0
C003161,64,90.08,6209.96,1,3.81,71.9,one_year,bank_transfer,yes,0
C003162,12,65.0,681.02,2,6.62,61.37,one_year,digital_wallet,yes,0
C003163,23,52.31,1313.34,3,10.39,33.39,month-to-month,digital_wallet,yes,0
C003164,10,86.35,788.64,3,0.24,17.59,two_year,bank_transfer,yes,0
C003165,29,74.28,2140.56,2,0.95,51.24,month-to-month,bank_transfer,yes,0
C003166,54,34.43,1789.84,0,2.53,74.43,month-to-month,bank_transfer,yes,0
C003167,20,61.8,1325.02,1,0.88,63.99,one_year,bank_transfer,yes,0
C003168,59,67.93,3686.91,6,7.94,59.84,month-to-month,card,yes,0
C003169,44,57.24,2493.08,1,10.9,54.86,month-to-month,card,yes,0
C003170,45,107.04,4478.19,2,8.95,61.18,month-to-month,card,no,0
C003171,67,82.0,4759.99,2,0.97,35.12,month-to-month,card,yes,0
C003172,31,104.33,3567.51,1,4.2,70.6,month-to-month,bank_transfer,yes,0
C003173,25,76.59,1756.41,2,4.85,71.93,one_year,digital_wallet,yes,0
C003174,71,72.03,4703.9,2,2.86,47.89,month-to-month,card,yes,0
C003175,40,46.59,1610.03,2,1.53,63.74,two_year,cash,yes,0
C003176,44,70.3,3095.62,1,4.87,20.67,one_year,card,yes,0
C003177,22,70.33,1439.94,2,1.78,58.6,two_year,cash,yes,0
C003178,16,35.82,584.42,3,0.46,52.34,two_year,card,yes,0
C003179,13,56.51,783.92,0,3.5,80.18,one_year,card,yes,0
C003180,16,61.92,855.73,3,9.25,51.03,month-to-month,card,yes,0
C003181,14,80.34,1023.66,2,0.17,72.37,two_year,card,no,0
C003182,54,81.53,4258.71,2,8.13,47.18,month-to-month,card,no,0
C003183,5,55.47,308.93,1,3.52,9.28,month-to-month,bank_transfer,yes,0
C003184,45,81.72,3246.91,1,3.65,50.49,one_year,card,yes,0
C003185,68,65.45,4776.01,2,9.02,58.94,month-to-month,card,yes,0
C003186,55,15.0,937.26,3,0.07,58.02,one_year,card,yes,0
C003187,29,57.88,1465.91,1,0.32,58.32,two_year,digital_wallet,yes,0
C003188,5,96.97,460.58,2,1.43,44.87,one_year,bank_transfer,yes,0
C003189,60,27.95,1812.93,1,6.65,48.53,month-to-month,card,no,0
C003190,1,72.82,82.32,3,2.73,32.47,month-to-month,card,yes,0
C003191,49,109.63,4963.78,2,9.51,15.07,month-to-month,digital_wallet,yes,0
C003192,48,50.98,2551.43,0,4.77,52.87,month-to-month,digital_wallet,yes,0
C003193,14,70.05,1048.88,4,6.8,40.1,one_year,bank_transfer,no,0
C003194,53,37.4,1925.11,2,24.95,76.6,one_year,bank_transfer,yes,0
C003195,13,110.68,1512.03,2,2.56,11.36,one_year,card,yes,0
C003196,17,67.92,1171.6,1,6.27,60.82,one_year,bank_transfer,yes,0
C003197,58,71.17,4668.96,3,5.62,97.43,month-to-month,digital_wallet,yes,0
C003198,70,103.86,7354.48,3,7.98,51.34,month-to-month,digital_wallet,yes,0
C003199,19,86.54,1652.4,0,13.2,54.95,one_year,card,no,0
C003200,66,48.11,3336.48,2,3.35,63.53,month-to-month,digital_wallet,yes,0
C003201,65,53.82,3133.28,6,5.09,65.09,month-to-month,bank_transfer,yes,1
C003202,55,82.37,4572.61,3,14.18,46.83,one_year,digital_wallet,yes,0
C003203,10,54.4,470.65,2,5.52,34.83,month-to-month,digital_wallet,yes,0
C003204,22,17.07,389.83,2,1.32,68.05,month-to-month,digital_wallet,no,0
C003205,49,68.67,3399.77,1,7.18,16.84,month-to-month,card,yes,1
C003206,71,32.99,2581.15,0,1.96,71.64,month-to-month,card,no,0
C003207,58,110.41,6975.52,4,3.64,47.16,one_year,card,yes,0
C003208,30,74.42,2187.41,1,1.98,55.06,month-to-month,bank_transfer,no,0
C003209,17,47.37,843.71,2,16.72,44.49,two_year,bank_transfer,yes,0
C003210,69,52.53,3410.97,2,12.3,83.62,month-to-month,digital_wallet,no,0
C003211,20,22.77,439.98,1,0.51,59.98,month-to-month,bank_transfer,yes,0
C003212,25,42.51,928.29,4,8.96,48.57,month-to-month,bank_transfer,yes,1
C003213,69,95.41,5794.57,1,6.71,48.0,two_year,bank_transfer,yes,0
C003214,40,125.79,5512.94,4,0.77,52.04,month-to-month,card,yes,0
C003215,19,88.16,1912.2,0,1.01,100.0,one_year,card,yes,0
C003216,1,67.7,67.48,3,2.34,28.66,two_year,card,yes,1
C003217,31,59.2,1630.4,3,6.18,76.66,month-to-month,digital_wallet,yes,0
C003218,71,46.09,2868.11,2,6.04,66.36,month-to-month,card,yes,0
C003219,31,121.49,3252.68,4,0.41,85.8,one_year,card,yes,1
C003220,50,65.28,3634.97,4,3.45,67.58,two_year,card,yes,0
C003221,18,122.89,2173.68,5,2.14,55.07,month-to-month,bank_transfer,yes,1
C003222,56,104.84,6540.86,5,0.31,75.4,two_year,cash,yes,0
C003223,56,26.48,1421.86,3,7.5,59.6,one_year,digital_wallet,no,0
C003224,44,53.35,2409.47,1,0.31,70.1,two_year,card,yes,0
C003225,55,53.27,3082.87,1,9.01,83.56,month-to-month,bank_transfer,yes,0
C003226,42,68.0,2470.61,2,6.7,56.85,month-to-month,card,yes,0
C003227,27,68.49,1950.03,0,5.37,46.51,month-to-month,digital_wallet,yes,0
C003228,53,144.91,8370.56,3,3.18,42.12,two_year,card,yes,0
C003229,60,43.07,2213.65,1,13.74,64.01,month-to-month,card,no,0
C003230,60,75.72,3942.11,0,2.55,37.44,one_year,bank_transfer,yes,0
C003231,16,85.41,1375.66,2,1.0,48.0,month-to-month,bank_transfer,yes,1
C003232,49,69.96,3912.85,3,1.46,35.65,month-to-month,cash,yes,0
C003233,1,72.75,83.08,1,0.07,65.17,month-to-month,card,yes,0
C003234,41,43.88,1588.35,4,10.58,39.96,one_year,cash,yes,0
C003235,41,72.66,3212.31,1,3.76,29.27,month-to-month,card,no,0
C003236,26,82.78,2341.81,2,18.72,32.78,one_year,card,yes,1
C003237,71,78.19,6179.29,3,5.17,43.58,one_year,digital_wallet,yes,0
C003238,63,84.26,4581.16,2,7.75,45.39,two_year,bank_transfer,yes,0
C003239,3,105.32,360.72,1,4.93,60.03,one_year,digital_wallet,no,0
C003240,15,93.42,1536.61,3,9.97,51.77,one_year,bank_transfer,no,0
C003241,15,71.78,1111.52,3,1.45,62.41,one_year,bank_transfer,no,0
C003242,64,40.71,2266.64,2,0.81,64.01,month-to-month,card,yes,0
C003243,37,55.0,1876.36,1,0.43,69.81,month-to-month,cash,yes,0
C003244,52,64.51,3200.14,5,7.04,16.84,two_year,digital_wallet,yes,0
C003245,58,76.31,4900.43,2,0.32,32.46,month-to-month,bank_transfer,yes,0
C003246,55,58.04,3442.36,0,6.11,66.1,month-to-month,digital_wallet,yes,0
C003247,7,46.61,369.38,1,13.5,59.23,one_year,card,no,0
C003248,10,40.3,393.59,3,32.62,74.54,two_year,digital_wallet,yes,0
C003249,29,28.72,937.04,3,6.3,24.12,month-to-month,bank_transfer,yes,1
C003250,25,64.13,1793.47,3,0.13,45.5,two_year,digital_wallet,yes,1
C003251,54,33.26,1536.52,3,0.2,49.07,month-to-month,digital_wallet,yes,0
C003252,12,44.99,497.61,2,8.29,58.33,month-to-month,bank_transfer,yes,0
C003253,27,60.15,1770.23,4,27.02,55.72,two_year,digital_wallet,yes,0
C003254,17,36.6,653.05,1,3.07,64.38,month-to-month,digital_wallet,yes,0
C003255,14,79.49,1020.39,5,5.17,52.71,one_year,card,no,0
C003256,13,88.51,1247.73,0,1.78,82.45,two_year,digital_wallet,yes,0
C003257,14,56.26,744.35,2,5.52,88.82,month-to-month,bank_transfer,no,0
C003258,41,59.07,2496.27,3,0.24,32.64,month-to-month,digital_wallet,yes,0
C003259,30,83.44,2829.47,2,3.58,55.9,two_year,digital_wallet,yes,0
C003260,31,52.15,1490.37,3,14.86,70.96,one_year,card,no,0
C003261,35,50.43,1529.66,4,2.5,66.71,two_year,card,no,0
C003262,53,99.91,5549.76,2,1.29,46.84,two_year,card,yes,0
C003263,62,92.1,6101.81,1,11.4,60.1,one_year,digital_wallet,yes,0
C003264,38,85.04,3049.78,2,3.33,23.33,month-to-month,digital_wallet,yes,0
C003265,46,93.14,4243.89,1,10.09,54.62,month-to-month,digital_wallet,yes,0
C003266,53,20.57,1090.46,7,5.49,25.79,month-to-month,digital_wallet,yes,0
C003267,50,103.85,5684.44,1,1.73,65.16,month-to-month,bank_transfer,yes,0
C003268,10,79.8,844.24,4,21.88,32.68,one_year,bank_transfer,yes,1
C003269,70,95.27,6214.69,1,0.99,58.26,two_year,cash,no,0
C003270,12,79.68,891.04,2,7.85,61.38,two_year,card,no,0
C003271,30,71.22,2024.49,3,7.18,56.52,two_year,bank_transfer,yes,0
C003272,47,63.12,2651.43,1,10.77,42.36,month-to-month,card,yes,0
C003273,29,79.18,2044.25,1,1.66,50.79,month-to-month,card,yes,1
C003274,18,62.21,1226.34,4,1.32,78.62,month-to-month,bank_transfer,yes,0
C003275,66,91.7,6654.24,1,7.72,46.51,one_year,card,yes,0
C003276,6,30.34,168.93,3,0.9,55.43,two_year,bank_transfer,no,0
C003277,18,56.46,1123.12,3,3.98,43.86,two_year,card,yes,0
C003278,71,121.12,8782.05,2,0.66,75.41,two_year,card,yes,0
C003279,52,54.35,3005.97,1,6.57,56.56,month-to-month,card,yes,0
C003280,7,64.03,499.39,1,2.22,39.72,month-to-month,digital_wallet,yes,1
C003281,54,47.94,2439.68,5,14.11,55.14,month-to-month,bank_transfer,no,0
C003282,69,78.4,5672.59,1,5.17,50.18,one_year,digital_wallet,no,0
C003283,7,51.59,340.41,1,4.39,82.85,month-to-month,bank_transfer,yes,0
C003284,30,65.36,2197.8,2,1.33,54.11,one_year,card,yes,0
C003285,34,91.22,2915.06,3,6.24,27.35,month-to-month,digital_wallet,yes,0
C003286,10,52.53,545.06,2,3.47,64.97,one_year,card,yes,0
C003287,15,89.72,1220.99,2,2.12,90.72,two_year,card,no,0
C003288,13,90.56,1131.23,0,5.89,78.94,month-to-month,bank_transfer,yes,0
C003289,14,96.37,1289.09,1,19.37,32.94,one_year,digital_wallet,no,0
C003290,29,73.51,2291.99,2,1.91,49.63,two_year,digital_wallet,no,0
C003291,33,151.03,4664.95,1,8.9,54.39,two_year,card,yes,0
C003292,17,96.36,1553.36,4,2.06,54.63,month-to-month,digital_wallet,yes,0
C003293,21,78.12,1399.11,0,4.13,62.62,one_year,bank_transfer,yes,0
C003294,14,48.1,636.22,4,1.0,48.12,month-to-month,digital_wallet,yes,1
C003295,57,67.57,3588.41,2,4.06,36.69,month-to-month,cash,yes,0
C003296,16,105.66,1713.15,0,4.71,74.04,month-to-month,bank_transfer,yes,0
C003297,65,112.74,7112.07,2,2.93,32.53,one_year,card,yes,0
C003298,39,106.96,4772.64,3,3.78,38.96,month-to-month,digital_wallet,yes,0
C003299,57,89.63,5179.6,2,6.33,32.4,one_year,bank_transfer,yes,0
C003300,46,38.61,1548.35,1,2.65,67.24,month-to-month,digital_wallet,yes,0
C003301,19,82.18,1706.37,2,1.73,57.13,month-to-month,bank_transfer,yes,0
C003302,43,38.96,1450.94,1,12.47,72.67,one_year,cash,yes,0
C003303,20,32.81,722.66,2,1.9,39.3,month-to-month,card,yes,0
C003304,9,75.98,664.42,1,3.03,29.94,month-to-month,digital_wallet,yes,0
C003305,19,83.08,1370.95,1,5.59,46.12,month-to-month,card,yes,0
C003306,20,92.58,2116.87,4,1.15,51.35,month-to-month,digital_wallet,yes,1
C003307,10,82.43,823.15,3,15.83,59.18,month-to-month,cash,yes,0
C003308,2,83.29,184.31,1,14.46,21.35,one_year,digital_wallet,yes,0
C003309,68,45.38,3012.54,0,16.39,64.57,one_year,digital_wallet,yes,0
C003310,37,67.38,2464.18,3,4.23,37.12,month-to-month,card,yes,0
C003311,29,32.32,898.64,2,2.66,42.05,month-to-month,card,yes,0
C003312,67,19.92,1281.89,2,19.91,78.47,two_year,bank_transfer,yes,0
C003313,16,88.52,1540.94,1,6.48,11.34,month-to-month,bank_transfer,yes,0
C003314,29,51.17,1275.09,3,1.77,61.45,month-to-month,card,no,0
C003315,61,91.81,5583.53,8,7.59,61.37,month-to-month,digital_wallet,yes,0
C003316,45,97.71,4087.65,2,1.01,38.62,one_year,digital_wallet,yes,0
C003317,29,54.52,1607.9,1,0.46,46.06,one_year,card,yes,0
C003318,19,84.76,1472.81,2,18.78,79.42,month-to-month,card,yes,1
C003319,3,53.47,153.13,1,0.1,94.26,month-to-month,card,yes,0
C003320,7,23.85,168.64,2,0.67,76.29,one_year,bank_transfer,yes,0
C003321,12,73.08,940.61,3,0.81,92.72,month-to-month,digital_wallet,no,0
C003322,56,58.23,3697.04,4,0.6,41.17,month-to-month,bank_transfer,no,0
C003323,46,59.0,2504.76,7,16.7,23.4,two_year,card,yes,1
C003324,31,119.38,3681.92,1,5.15,53.95,month-to-month,digital_wallet,no,0
C003325,56,31.85,1702.81,2,11.59,71.1,month-to-month,card,yes,0
C003326,12,79.57,985.24,2,8.51,17.9,one_year,bank_transfer,yes,0
C003327,15,45.13,649.83,1,3.2,36.47,one_year,bank_transfer,no,0
C003328,28,92.71,2281.93,0,13.42,38.69,month-to-month,cash,yes,0
C003329,66,77.46,5287.86,2,1.24,62.13,month-to-month,digital_wallet,yes,0
C003330,44,79.48,3010.0,2,13.02,59.55,month-to-month,card,no,0
C003331,61,46.38,2441.22,1,2.34,39.5,month-to-month,card,yes,0
C003332,18,50.86,1021.01,0,0.87,58.6,month-to-month,card,yes,0
C003333,61,93.18,6315.47,2,6.83,32.1,month-to-month,card,no,0
C003334,6,114.27,698.52,3,26.9,46.47,month-to-month,card,no,0
C003335,17,82.01,1192.54,0,3.35,29.7,month-to-month,bank_transfer,yes,0
C003336,38,47.56,1722.38,2,0.68,52.0,month-to-month,digital_wallet,yes,0
C003337,4,78.47,299.42,2,0.64,38.99,one_year,card,yes,0
C003338,61,130.69,8500.17,2,2.99,68.81,one_year,bank_transfer,no,0
C003339,62,72.56,4919.72,0,12.03,54.48,two_year,digital_wallet,yes,0
C003340,39,106.55,3973.59,3,6.63,50.47,one_year,bank_transfer,yes,0
C003341,22,51.49,1106.22,1,7.52,90.36,one_year,bank_transfer,no,0
C003342,8,68.95,506.02,2,12.38,62.67,month-to-month,digital_wallet,yes,1
C003343,44,85.49,4018.72,7,4.59,47.64,one_year,digital_wallet,yes,0
C003344,39,79.93,2976.32,1,8.1,43.33,month-to-month,bank_transfer,yes,0
C003345,54,50.84,2914.61,5,2.46,31.38,two_year,cash,yes,0
C003346,43,49.76,2272.58,1,1.19,53.68,two_year,card,yes,0
C003347,10,94.71,849.39,3,13.67,61.15,month-to-month,card,no,0
C003348,9,99.79,1001.96,1,2.37,16.71,two_year,bank_transfer,yes,0
C003349,56,107.8,6624.74,2,21.52,27.72,one_year,card,yes,0
C003350,12,115.1,1415.58,3,2.61,44.68,one_year,card,yes,0
C003351,67,73.37,4305.46,2,2.56,33.04,month-to-month,card,yes,0
C003352,8,62.22,448.07,1,7.05,55.87,month-to-month,digital_wallet,yes,0
C003353,52,103.77,4736.07,3,5.9,58.64,one_year,bank_transfer,yes,0
C003354,70,87.83,6080.76,1,0.3,52.55,month-to-month,digital_wallet,yes,0
C003355,32,45.44,1351.75,0,2.82,66.0,month-to-month,card,yes,0
C003356,5,44.16,242.71,1,10.33,43.3,month-to-month,bank_transfer,yes,1
C003357,63,82.3,5085.17,2,0.86,54.08,month-to-month,card,yes,0
C003358,14,65.57,904.76,5,5.04,34.93,one_year,card,yes,0
C003359,38,69.34,2968.41,2,3.94,60.69,one_year,digital_wallet,yes,0
C003360,70,96.81,6935.05,0,0.56,56.52,two_year,card,yes,0
C003361,53,88.98,4556.35,0,7.22,31.03,one_year,digital_wallet,yes,0
C003362,4,103.25,472.89,2,7.74,51.9,one_year,digital_wallet,yes,0
C003363,59,21.71,1266.55,2,1.8,54.24,two_year,digital_wallet,yes,0
C003364,12,76.33,937.92,1,4.86,60.62,month-to-month,bank_transfer,yes,0
C003365,54,87.37,4550.82,4,0.08,61.36,one_year,digital_wallet,yes,0
C003366,45,31.84,1505.31,4,5.81,40.58,two_year,card,yes,0
C003367,21,53.63,1219.36,0,5.61,70.27,one_year,cash,yes,0
C003368,31,48.99,1577.23,1,0.47,65.46,one_year,card,yes,0
C003369,9,70.54,586.97,2,3.91,40.51,month-to-month,bank_transfer,yes,0
C003370,71,110.7,8902.3,1,1.32,32.15,month-to-month,cash,yes,0
C003371,17,120.56,2056.81,4,8.35,42.04,one_year,card,yes,1
C003372,22,49.64,1198.96,1,4.63,25.57,one_year,digital_wallet,yes,0
C003373,36,83.16,2552.74,1,5.5,59.16,month-to-month,bank_transfer,yes,0
C003374,48,83.97,4052.04,2,0.33,78.67,month-to-month,digital_wallet,yes,0
C003375,36,79.69,3243.75,3,1.54,83.43,month-to-month,card,no,0
C003376,36,79.97,3041.64,1,9.82,33.21,month-to-month,bank_transfer,yes,1
C003377,42,77.59,2881.72,2,2.18,70.74,month-to-month,card,yes,0
C003378,61,112.19,7274.63,0,15.51,56.69,month-to-month,card,yes,0
C003379,29,97.56,2417.64,4,6.68,7.08,month-to-month,digital_wallet,yes,1
C003380,60,43.5,2506.96,2,9.58,48.35,month-to-month,digital_wallet,yes,0
C003381,56,89.89,4636.38,3,4.2,46.13,two_year,digital_wallet,yes,0
C003382,69,92.31,5895.25,4,3.88,79.22,month-to-month,digital_wallet,yes,0
C003383,65,77.87,4365.54,2,0.11,37.58,one_year,digital_wallet,no,0
C003384,57,98.29,5799.14,1,0.21,66.26,month-to-month,bank_transfer,yes,0
C003385,18,74.7,1442.21,2,15.3,52.86,month-to-month,card,yes,1
C003386,55,75.01,3868.0,4,2.26,26.08,month-to-month,digital_wallet,yes,0
C003387,53,73.03,3971.49,1,3.7,43.96,month-to-month,digital_wallet,no,0
C003388,21,19.54,410.1,1,5.87,85.63,month-to-month,card,no,0
C003389,49,67.99,3824.39,2,0.23,51.53,month-to-month,bank_transfer,yes,0
C003390,18,53.29,1049.17,2,6.71,73.12,month-to-month,card,yes,0
C003391,38,40.34,1737.99,1,1.25,72.02,one_year,digital_wallet,no,0
C003392,57,105.85,6620.53,1,3.99,46.03,month-to-month,card,yes,0
C003393,14,82.61,1211.18,2,4.02,29.33,month-to-month,bank_transfer,yes,1
C003394,24,69.25,1448.27,2,0.56,31.96,two_year,digital_wallet,yes,0
C003395,57,55.88,3527.14,3,1.89,84.03,month-to-month,cash,yes,0
C003396,33,77.4,2754.36,4,4.39,58.03,month-to-month,bank_transfer,yes,0
C003397,69,94.79,6112.81,2,5.27,20.32,one_year,digital_wallet,no,0
C003398,1,49.33,45.91,2,3.93,71.68,one_year,digital_wallet,no,0
C003399,52,69.88,3660.16,0,2.35,19.26,one_year,card,yes,0
C003400,58,91.7,4972.45,3,16.28,38.48,two_year,card,yes,0
C003401,66,21.6,1626.87,3,0.28,56.63,month-to-month,card,yes,0
C003402,12,68.56,747.1,0,2.54,100.0,month-to-month,card,no,0
C003403,70,59.27,3717.33,2,2.25,71.32,two_year,bank_transfer,no,0
C003404,28,66.65,1610.74,2,1.11,45.35,one_year,card,no,0
C003405,25,57.46,1459.15,1,6.87,55.57,two_year,digital_wallet,yes,0
C003406,26,73.44,2047.13,2,7.54,73.39,one_year,card,yes,0
C003407,46,118.09,5572.88,1,9.71,83.44,month-to-month,card,yes,0
C003408,47,61.9,2654.77,3,3.31,50.05,one_year,bank_transfer,yes,0
C003409,34,77.29,2961.78,5,0.63,50.63,month-to-month,digital_wallet,yes,0
C003410,6,119.87,693.17,2,14.01,38.4,month-to-month,cash,yes,0
C003411,71,56.25,3563.36,4,5.01,68.3,month-to-month,digital_wallet,yes,0
C003412,16,115.37,1674.79,2,2.69,75.52,month-to-month,digital_wallet,yes,0
C003413,7,70.13,481.83,1,8.98,16.23,one_year,card,yes,0
C003414,43,114.55,4991.11,3,0.3,47.06,one_year,bank_transfer,yes,0
C003415,30,88.76,2743.69,0,15.17,30.73,two_year,card,yes,0
C003416,44,77.68,2980.24,3,3.11,58.02,month-to-month,cash,yes,0
C003417,63,68.36,4781.43,2,0.87,30.24,month-to-month,card,yes,0
C003418,7,54.4,362.11,2,7.64,28.6,month-to-month,bank_transfer,yes,1
C003419,21,71.89,1400.81,2,12.06,77.47,month-to-month,card,yes,0
C003420,37,92.43,3612.51,0,0.9,51.69,month-to-month,digital_wallet,yes,0
C003421,56,69.67,4034.57,1,6.12,53.8,month-to-month,card,no,0
C003422,43,62.08,3064.33,3,16.7,63.63,one_year,digital_wallet,yes,0
C003423,28,63.73,1736.46,0,15.3,74.42,month-to-month,cash,yes,0
C003424,44,94.81,3775.3,2,1.38,46.63,one_year,card,no,1
C003425,70,100.63,8043.08,3,1.86,47.07,month-to-month,digital_wallet,yes,0
C003426,35,53.32,1856.17,2,0.81,47.16,month-to-month,card,yes,0
C003427,63,53.29,3519.65,2,1.46,76.63,two_year,bank_transfer,yes,0
C003428,56,79.48,3839.94,1,2.64,53.64,month-to-month,card,yes,0
C003429,22,108.19,2262.96,2,0.83,49.18,month-to-month,bank_transfer,no,0
C003430,18,98.65,2035.24,1,0.24,62.82,two_year,card,no,0
C003431,55,38.7,2425.26,5,1.95,91.63,month-to-month,digital_wallet,yes,0
C003432,15,63.4,1089.1,1,10.28,56.49,month-to-month,digital_wallet,yes,0
C003433,24,46.73,1230.64,2,1.37,49.61,month-to-month,card,yes,0
C003434,17,63.31,1076.47,1,5.55,93.86,one_year,card,yes,0
C003435,44,110.11,4949.53,2,3.96,81.6,one_year,card,yes,0
C003436,21,34.43,630.9,2,7.75,78.7,one_year,card,yes,0
C003437,47,29.53,1509.94,4,0.9,44.99,two_year,cash,yes,0
C003438,67,49.29,3548.91,1,0.13,43.0,month-to-month,card,yes,0
C003439,59,77.18,4838.35,4,8.42,18.32,month-to-month,digital_wallet,yes,0
C003440,68,85.52,5610.41,3,6.68,74.3,two_year,cash,no,0
C003441,2,80.94,150.5,1,2.4,56.54,month-to-month,card,no,0
C003442,33,99.39,3584.89,2,9.37,18.98,two_year,bank_transfer,no,0
C003443,16,25.92,473.81,5,1.06,79.04,two_year,digital_wallet,no,1
C003444,66,99.71,6429.7,2,0.88,48.25,two_year,bank_transfer,yes,0
C003445,51,62.2,2749.1,5,1.83,50.72,month-to-month,card,yes,0
C003446,23,88.29,2274.73,1,1.99,24.74,one_year,digital_wallet,yes,0
C003447,41,36.91,1599.51,0,1.83,64.84,two_year,cash,no,0
C003448,43,70.12,3170.4,0,4.36,65.04,month-to-month,digital_wallet,yes,0
C003449,36,75.91,3096.84,3,4.56,54.04,one_year,digital_wallet,yes,0
C003450,34,98.89,3534.37,1,0.54,46.64,month-to-month,digital_wallet,yes,0
C003451,4,30.37,125.76,3,1.58,100.0,month-to-month,bank_transfer,yes,0
C003452,33,70.77,2482.58,2,7.8,30.93,two_year,card,yes,0
C003453,25,42.87,1066.57,2,1.54,40.57,two_year,cash,yes,0
C003454,59,82.64,4564.04,1,13.94,69.17,month-to-month,card,no,0
C003455,62,89.43,5131.81,0,1.78,34.71,month-to-month,digital_wallet,yes,1
C003456,54,102.18,5892.18,3,3.73,33.24,one_year,card,yes,0
C003457,3,56.62,156.76,1,0.27,77.63,month-to-month,digital_wallet,no,0
C003458,60,93.18,6314.0,5,19.81,67.1,one_year,digital_wallet,yes,0
C003459,29,104.02,2928.87,1,9.84,64.68,one_year,digital_wallet,yes,0
C003460,30,28.92,902.33,0,0.8,58.64,month-to-month,card,no,0
C003461,68,85.31,5005.32,4,0.78,41.16,one_year,bank_transfer,yes,0
C003462,62,93.96,5736.45,1,9.75,49.95,month-to-month,card,yes,0
C003463,4,63.53,246.47,3,12.11,53.42,month-to-month,card,yes,0
C003464,26,39.73,1111.92,4,4.27,71.92,one_year,bank_transfer,no,0
C003465,54,93.57,4379.05,3,12.66,63.52,month-to-month,cash,yes,1
C003466,39,40.01,1514.77,5,1.52,36.44,month-to-month,cash,yes,1
C003467,19,65.54,1379.08,1,2.02,70.79,one_year,bank_transfer,yes,0
C003468,38,69.0,2754.42,2,1.22,21.43,month-to-month,digital_wallet,no,0
C003469,62,87.89,5902.6,4,3.96,48.59,month-to-month,card,yes,0
C003470,16,54.33,938.01,2,2.5,32.16,two_year,card,yes,0
C003471,53,52.89,2939.1,3,2.57,37.86,month-to-month,digital_wallet,yes,0
C003472,53,72.47,3715.8,1,13.74,93.53,month-to-month,digital_wallet,no,0
C003473,63,95.16,5814.12,0,3.07,25.59,month-to-month,digital_wallet,yes,0
C003474,22,127.19,2421.35,1,3.4,38.62,one_year,card,yes,0
C003475,16,32.31,469.7,2,2.84,65.21,month-to-month,card,yes,0
C003476,39,77.88,3090.39,3,1.5,45.6,two_year,card,no,0
C003477,38,42.84,1820.72,2,9.02,58.11,month-to-month,digital_wallet,yes,0
C003478,30,95.47,2960.54,1,2.54,83.59,one_year,card,yes,0
C003479,56,46.54,2517.73,2,0.59,68.09,one_year,bank_transfer,yes,0
C003480,57,53.13,3330.22,0,5.53,45.63,one_year,bank_transfer,yes,0
C003481,18,55.27,979.54,0,16.09,52.33,one_year,card,yes,0
C003482,57,68.1,3601.82,0,6.21,65.61,month-to-month,card,no,0
C003483,17,78.08,1160.14,1,3.14,67.7,month-to-month,digital_wallet,yes,0
C003484,29,82.09,2615.34,3,2.64,55.42,month-to-month,card,yes,0
C003485,2,69.86,144.57,3,4.87,62.21,month-to-month,bank_transfer,yes,1
C003486,25,36.75,941.1,5,6.61,62.23,month-to-month,cash,yes,0
C003487,69,88.19,6488.29,2,9.65,53.16,one_year,card,yes,0
C003488,32,68.68,2266.89,1,2.47,42.9,month-to-month,card,yes,0
C003489,51,99.04,4824.71,4,0.82,69.85,two_year,digital_wallet,no,0
C003490,8,52.31,433.21,1,4.55,60.84,one_year,bank_transfer,no,0
C003491,46,29.94,1228.64,1,3.78,13.38,month-to-month,cash,yes,0
C003492,27,69.15,1752.87,2,2.35,38.48,month-to-month,card,yes,0
C003493,53,102.4,5487.89,3,0.73,45.39,one_year,digital_wallet,yes,0
C003494,66,74.02,4254.07,2,5.14,50.98,month-to-month,bank_transfer,no,0
C003495,38,65.01,2708.79,3,1.01,79.08,month-to-month,card,yes,0
C003496,8,48.24,333.21,2,0.09,100.0,month-to-month,bank_transfer,yes,0
C003497,34,113.94,3725.76,0,3.11,5.82,one_year,bank_transfer,yes,0
C003498,9,44.26,392.89,1,4.53,61.09,month-to-month,card,yes,0
C003499,32,51.87,1749.66,2,14.47,56.39,month-to-month,card,yes,0
C003500,5,84.25,377.64,2,0.79,51.39,month-to-month,card,yes,1
C003501,46,23.6,1190.24,6,6.59,65.86,month-to-month,bank_transfer,yes,0
C003502,23,101.86,2290.96,1,1.62,58.0,month-to-month,card,yes,0
C003503,15,85.6,1188.21,1,13.99,47.77,one_year,card,yes,0
C003504,2,92.48,162.67,2,8.79,55.58,one_year,card,yes,0
C003505,64,83.95,6058.55,1,0.28,66.13,month-to-month,digital_wallet,yes,0
C003506,60,65.97,3843.58,0,1.09,64.23,two_year,cash,yes,0
C003507,58,43.42,2428.78,0,0.22,58.77,one_year,card,yes,0
C003508,5,66.5,300.6,1,2.99,43.33,month-to-month,cash,no,1
C003509,25,45.62,1142.65,2,3.18,100.0,one_year,digital_wallet,yes,0
C003510,69,82.15,5362.31,2,4.88,62.19,one_year,cash,yes,0
C003511,42,90.17,3407.56,0,0.01,70.25,month-to-month,bank_transfer,yes,0
C003512,10,106.92,1150.31,3,11.78,44.84,month-to-month,bank_transfer,yes,1
C003513,11,79.29,976.45,5,5.81,58.79,one_year,digital_wallet,yes,0
C003514,19,93.11,1690.78,1,6.45,58.63,month-to-month,bank_transfer,no,0
C003515,70,62.57,4099.45,2,2.78,16.76,month-to-month,digital_wallet,yes,0
C003516,13,58.04,725.9,0,7.86,40.67,one_year,digital_wallet,yes,0
C003517,65,81.84,5997.72,0,4.15,40.3,one_year,bank_transfer,no,0
C003518,49,60.34,3030.73,0,7.94,42.99,one_year,bank_transfer,yes,0
C003519,66,76.73,4556.59,1,12.07,33.6,month-to-month,bank_transfer,yes,0
C003520,59,43.47,2666.68,0,9.48,55.88,month-to-month,digital_wallet,yes,0
C003521,24,47.96,1116.93,4,2.66,82.95,two_year,digital_wallet,yes,0
C003522,59,85.89,4333.61,2,0.08,57.61,one_year,digital_wallet,yes,0
C003523,13,92.17,1367.09,3,0.54,31.37,one_year,card,yes,0
C003524,21,45.36,842.48,4,4.23,34.38,month-to-month,cash,yes,0
C003525,16,86.77,1352.22,3,18.36,47.46,two_year,card,no,0
C003526,10,56.68,593.62,2,2.8,26.69,month-to-month,card,yes,1
C003527,7,70.41,505.61,2,0.25,61.09,month-to-month,card,yes,0
C003528,14,105.42,1256.41,2,5.25,82.06,two_year,card,yes,0
C003529,9,90.19,837.96,1,2.46,43.48,month-to-month,bank_transfer,no,0
C003530,28,89.9,2688.73,3,6.81,56.52,one_year,card,yes,0
C003531,6,117.72,780.34,2,0.34,46.42,one_year,card,yes,1
C003532,5,52.4,237.17,4,0.62,42.41,two_year,card,yes,0
C003533,71,45.35,2772.57,2,13.77,58.79,month-to-month,card,yes,0
C003534,7,51.95,412.11,2,0.81,41.73,month-to-month,cash,yes,0
C003535,6,63.64,402.49,3,1.06,38.83,one_year,bank_transfer,yes,0
C003536,3,15.0,44.39,2,2.17,22.61,two_year,card,yes,0
C003537,10,64.81,691.9,2,6.13,56.29,two_year,bank_transfer,yes,0
C003538,38,56.39,1922.23,2,1.9,76.34,month-to-month,bank_transfer,yes,0
C003539,59,89.59,6012.98,3,7.15,69.15,one_year,bank_transfer,yes,0
C003540,53,78.81,4370.24,0,4.41,84.84,month-to-month,card,no,0
C003541,42,54.98,2570.41,0,4.63,41.51,month-to-month,digital_wallet,yes,0
C003542,7,84.75,603.34,2,1.14,72.02,month-to-month,card,no,0
C003543,55,88.08,5281.66,2,8.91,32.95,month-to-month,card,yes,0
C003544,3,50.79,144.48,1,0.65,69.19,month-to-month,cash,no,0
C003545,45,57.67,2309.66,2,0.0,87.88,month-to-month,bank_transfer,yes,0
C003546,30,15.0,430.27,0,2.64,64.97,month-to-month,card,yes,0
C003547,63,42.73,3012.79,1,2.35,88.24,two_year,card,yes,0
C003548,22,51.44,1198.89,2,5.15,43.03,month-to-month,digital_wallet,yes,0
C003549,46,71.85,3261.9,2,0.27,52.32,one_year,card,no,0
C003550,32,46.37,1365.83,1,0.37,36.69,two_year,card,no,0
C003551,38,57.16,2236.11,2,5.73,55.7,month-to-month,card,yes,0
C003552,67,39.37,2711.08,2,1.38,60.39,one_year,card,no,0
C003553,51,74.28,3823.31,3,11.94,55.52,month-to-month,bank_transfer,yes,0
C003554,30,80.64,2591.88,8,3.58,45.52,month-to-month,card,yes,0
C003555,32,80.06,2364.23,0,0.64,45.19,one_year,bank_transfer,no,0
C003556,51,70.31,3597.58,1,4.94,61.9,one_year,card,yes,0
C003557,25,31.47,741.6,3,2.57,51.81,month-to-month,cash,yes,0
C003558,12,54.5,596.25,2,12.97,31.96,two_year,bank_transfer,yes,0
C003559,34,59.82,1931.76,2,2.05,17.05,one_year,card,yes,0
C003560,5,59.92,326.82,5,2.16,43.09,month-to-month,card,yes,1
C003561,13,71.87,826.14,0,3.3,27.35,month-to-month,digital_wallet,yes,0
C003562,30,105.64,2955.7,2,3.41,38.29,two_year,digital_wallet,yes,0
C003563,57,90.3,5198.23,2,0.45,46.53,two_year,card,yes,0
C003564,56,45.31,2462.09,3,6.92,52.08,one_year,card,no,0
C003565,19,86.96,1814.66,3,7.95,41.68,one_year,bank_transfer,yes,0
C003566,30,86.01,2796.38,1,0.89,98.82,month-to-month,card,yes,0
C003567,11,49.85,577.6,2,9.94,29.78,month-to-month,card,yes,0
C003568,54,91.22,4604.55,1,1.26,79.18,two_year,card,no,0
C003569,18,65.99,1017.22,2,10.68,51.75,one_year,digital_wallet,yes,0
C003570,57,34.75,1870.23,2,2.42,41.85,month-to-month,card,yes,0
C003571,60,81.38,5030.69,3,5.99,66.75,one_year,card,yes,0
C003572,49,75.42,3253.89,3,8.34,45.94,month-to-month,card,yes,0
C003573,24,64.31,1693.22,2,0.61,38.86,month-to-month,bank_transfer,yes,0
C003574,68,69.06,5381.9,2,0.3,90.8,one_year,bank_transfer,yes,0
C003575,49,52.02,2730.79,2,1.14,11.11,month-to-month,digital_wallet,yes,0
C003576,46,85.25,3821.19,5,5.81,50.1,month-to-month,bank_transfer,yes,1
C003577,61,68.91,4578.57,3,4.0,58.8,month-to-month,bank_transfer,yes,0
C003578,63,74.16,4353.42,4,2.08,83.16,month-to-month,bank_transfer,yes,0
C003579,6,78.93,538.09,1,0.59,47.03,two_year,cash,yes,0
C003580,63,41.14,2487.82,2,13.03,100.0,month-to-month,digital_wallet,yes,0
C003581,55,47.64,2769.64,3,10.32,70.18,month-to-month,card,yes,0
C003582,15,15.0,192.53,0,1.02,7.65,one_year,digital_wallet,no,0
C003583,22,84.12,1923.18,4,7.68,25.93,two_year,card,yes,0
C003584,54,39.69,2012.35,2,0.43,59.74,one_year,card,yes,0
C003585,16,73.31,1033.01,1,5.68,32.12,two_year,card,yes,1
C003586,33,79.27,2563.91,2,4.64,65.96,one_year,digital_wallet,yes,0
C003587,49,85.06,3675.06,1,34.37,45.93,one_year,cash,yes,0
C003588,47,39.9,1698.1,1,4.52,31.08,month-to-month,digital_wallet,yes,0
C003589,65,68.37,4970.92,2,0.24,35.71,month-to-month,digital_wallet,yes,0
C003590,8,111.76,776.97,3,8.45,72.04,month-to-month,card,no,0
C003591,21,112.86,2458.89,1,3.02,14.54,one_year,cash,yes,0
C003592,70,94.68,5753.52,3,2.93,75.91,one_year,card,yes,0
C003593,41,78.44,3426.3,0,0.84,76.49,one_year,cash,yes,0
C003594,18,44.87,923.5,3,0.06,48.37,one_year,card,yes,0
C003595,21,87.97,1808.22,0,12.18,26.91,one_year,card,no,0
C003596,25,66.05,1883.15,5,0.62,66.12,month-to-month,bank_transfer,yes,0
C003597,40,84.01,3503.17,0,0.91,45.27,month-to-month,card,yes,0
C003598,21,54.18,1170.34,1,17.33,24.7,one_year,card,yes,0
C003599,45,65.68,2663.9,2,11.5,93.18,month-to-month,digital_wallet,yes,0
C003600,32,74.1,2693.12,0,0.59,37.31,two_year,digital_wallet,yes,0
C003601,44,76.16,3714.36,2,12.43,25.56,month-to-month,card,yes,0
C003602,12,82.34,878.96,3,6.91,60.7,month-to-month,bank_transfer,yes,0
C003603,45,55.52,2145.11,1,1.49,53.64,one_year,bank_transfer,yes,0
C003604,66,36.42,2301.95,1,1.46,84.72,month-to-month,card,no,0
C003605,10,110.62,993.17,1,9.89,47.39,one_year,bank_transfer,yes,0
C003606,24,132.23,3017.56,5,2.68,47.6,month-to-month,bank_transfer,yes,0
C003607,50,81.19,4617.58,0,8.26,61.7,month-to-month,digital_wallet,yes,0
C003608,44,36.9,1799.89,2,9.14,58.99,one_year,bank_transfer,yes,0
C003609,48,50.67,2388.48,1,2.06,59.6,month-to-month,digital_wallet,yes,0
C003610,40,82.73,3086.58,3,9.32,60.44,one_year,bank_transfer,no,0
C003611,49,103.53,5191.28,2,32.82,58.29,month-to-month,digital_wallet,yes,0
C003612,44,39.68,1974.96,2,0.43,46.67,one_year,digital_wallet,no,0
C003613,6,66.89,436.35,1,0.78,71.65,month-to-month,bank_transfer,yes,0
C003614,54,74.9,4490.72,0,6.7,47.8,month-to-month,card,yes,0
C003615,32,91.61,3161.31,1,2.04,71.09,one_year,digital_wallet,yes,0
C003616,4,61.41,245.91,5,15.81,82.76,one_year,bank_transfer,yes,0
C003617,30,30.9,827.43,1,8.27,41.45,two_year,bank_transfer,yes,0
C003618,31,85.53,2904.86,1,2.06,100.0,one_year,bank_transfer,yes,0
C003619,7,98.12,717.95,2,3.75,40.75,one_year,card,yes,0
C003620,71,67.94,5217.97,4,3.52,40.89,month-to-month,bank_transfer,yes,0
C003621,16,80.13,1372.1,2,14.49,65.8,one_year,bank_transfer,yes,0
C003622,24,58.14,1289.03,5,18.24,63.83,month-to-month,card,yes,0
C003623,32,48.86,1462.86,2,0.79,56.44,two_year,card,no,0
C003624,60,95.66,6353.28,3,5.69,71.37,one_year,digital_wallet,yes,0
C003625,53,79.69,4105.95,1,1.61,60.05,month-to-month,bank_transfer,no,0
C003626,55,82.26,4086.84,1,2.94,96.31,one_year,digital_wallet,yes,0
C003627,17,107.55,1906.68,4,1.76,53.94,one_year,card,yes,0
C003628,61,43.63,2500.34,2,5.99,37.91,month-to-month,bank_transfer,yes,0
C003629,59,56.2,3457.69,0,0.62,43.97,one_year,card,yes,0
C003630,33,73.95,2506.23,4,3.94,64.43,month-to-month,digital_wallet,yes,1
C003631,39,55.89,2286.48,2,8.97,64.72,one_year,bank_transfer,yes,0
C003632,3,89.58,308.52,4,2.27,59.13,two_year,bank_transfer,no,0
C003633,54,65.32,3291.38,1,7.82,38.01,month-to-month,cash,yes,0
C003634,69,45.19,3562.77,2,4.01,77.17,month-to-month,card,yes,0
C003635,34,71.64,2628.44,3,11.28,93.74,month-to-month,bank_transfer,yes,0
C003636,39,74.26,3204.86,3,1.6,55.58,two_year,digital_wallet,yes,0
C003637,36,93.37,3666.24,0,4.64,91.21,month-to-month,bank_transfer,yes,0
C003638,6,79.83,410.42,3,1.03,72.33,one_year,digital_wallet,no,0
C003639,45,81.53,3672.85,1,17.28,99.37,one_year,cash,yes,0
C003640,52,78.01,3576.63,2,1.0,64.45,one_year,digital_wallet,yes,0
C003641,66,65.29,4533.71,2,0.59,57.73,month-to-month,card,yes,0
C003642,67,52.09,3029.24,2,1.01,71.85,month-to-month,card,yes,0
C003643,35,77.22,2324.24,2,3.83,46.33,two_year,digital_wallet,no,0
C003644,69,61.67,4774.6,1,9.02,63.14,month-to-month,card,no,0
C003645,38,112.25,4799.0,3,8.52,81.61,month-to-month,bank_transfer,yes,0
C003646,46,103.55,4940.38,1,7.48,71.39,month-to-month,cash,no,0
C003647,43,85.82,3645.94,0,7.71,54.38,one_year,digital_wallet,yes,0
C003648,71,79.46,6197.77,1,4.16,59.01,two_year,card,no,0
C003649,53,67.8,4093.9,0,0.93,70.15,month-to-month,digital_wallet,yes,0
C003650,9,38.47,299.95,3,14.59,69.49,month-to-month,card,no,0
C003651,6,64.6,341.48,1,12.5,70.0,one_year,cash,no,0
C003652,30,72.54,2440.5,2,1.37,61.79,month-to-month,bank_transfer,yes,0
C003653,37,75.74,2465.47,2,6.19,38.51,two_year,bank_transfer,yes,0
C003654,48,81.74,4175.53,1,2.63,41.7,month-to-month,card,yes,0
C003655,35,93.03,3308.44,2,5.03,64.22,month-to-month,card,yes,0
C003656,37,52.7,1962.41,0,8.07,71.63,month-to-month,bank_transfer,yes,0
C003657,66,52.92,3071.3,2,0.49,69.04,month-to-month,digital_wallet,yes,0
C003658,24,106.27,2725.51,2,21.08,41.5,month-to-month,bank_transfer,yes,0
C003659,36,89.27,3312.24,2,4.49,51.98,one_year,digital_wallet,yes,0
C003660,40,60.23,2719.18,2,0.56,31.51,month-to-month,card,no,0
C003661,34,67.32,2275.82,5,6.35,27.17,one_year,card,yes,0
C003662,69,67.43,5228.49,3,9.05,56.63,month-to-month,bank_transfer,yes,0
C003663,69,70.79,4421.26,1,21.3,82.16,month-to-month,digital_wallet,yes,0
C003664,37,81.82,2758.31,0,1.14,57.0,month-to-month,bank_transfer,no,0
C003665,32,133.37,4842.87,2,0.84,93.16,one_year,card,yes,0
C003666,42,74.74,2761.95,0,6.3,51.72,month-to-month,card,yes,0
C003667,13,86.56,1036.4,1,2.72,55.62,one_year,digital_wallet,yes,0
C003668,31,27.84,770.13,1,1.85,35.18,month-to-month,cash,yes,0
C003669,16,57.88,984.31,3,4.76,48.06,month-to-month,digital_wallet,no,0
C003670,11,100.72,1201.07,3,1.85,31.2,month-to-month,digital_wallet,yes,1
C003671,7,80.06,627.9,2,3.87,24.09,one_year,bank_transfer,yes,1
C003672,42,15.0,563.25,2,2.43,31.54,month-to-month,digital_wallet,yes,0
C003673,1,86.85,82.21,2,0.3,56.71,month-to-month,digital_wallet,yes,0
C003674,46,117.95,5128.33,3,3.5,40.27,month-to-month,card,yes,0
C003675,31,20.1,711.69,4,13.45,45.0,month-to-month,card,yes,0
C003676,27,107.98,2988.1,1,1.22,63.2,month-to-month,digital_wallet,yes,0
C003677,55,15.0,784.78,2,4.44,24.02,one_year,digital_wallet,yes,0
C003678,39,93.45,3424.49,2,1.55,56.62,one_year,digital_wallet,yes,0
C003679,53,69.78,3497.73,1,1.3,71.96,month-to-month,card,yes,0
C003680,51,15.0,813.7,3,3.78,73.69,month-to-month,digital_wallet,yes,0
C003681,3,81.15,247.06,0,0.77,65.33,month-to-month,card,yes,0
C003682,16,98.77,1638.94,3,1.57,53.96,two_year,card,yes,0
C003683,41,79.1,3214.29,4,11.34,42.53,one_year,bank_transfer,no,0
C003684,70,84.62,5081.59,2,0.97,53.35,month-to-month,bank_transfer,no,0
C003685,11,59.71,693.66,3,0.87,88.07,two_year,card,yes,0
C003686,8,23.47,200.34,3,16.8,60.46,month-to-month,bank_transfer,no,0
C003687,67,87.3,5287.82,1,24.56,52.86,month-to-month,digital_wallet,yes,0
C003688,69,113.74,8200.02,1,4.93,66.27,two_year,card,yes,0
C003689,12,98.24,1312.4,1,0.42,55.99,one_year,card,yes,0
C003690,29,20.3,606.94,4,2.34,59.52,month-to-month,digital_wallet,yes,0
C003691,45,32.13,1518.84,0,4.39,50.07,one_year,cash,yes,0
C003692,14,48.85,725.09,1,5.98,46.7,two_year,digital_wallet,yes,0
C003693,24,30.18,686.05,3,4.08,74.92,month-to-month,card,no,1
C003694,29,71.1,1848.18,6,2.18,15.99,month-to-month,bank_transfer,yes,0
C003695,46,79.84,3642.3,0,3.57,64.57,month-to-month,digital_wallet,no,0
C003696,22,34.24,692.74,2,6.35,45.46,two_year,card,yes,0
C003697,30,89.43,2833.35,2,0.42,16.9,month-to-month,bank_transfer,no,0
C003698,21,85.03,1900.71,3,2.72,35.51,month-to-month,bank_transfer,yes,0
C003699,54,56.3,2591.45,1,3.87,54.28,month-to-month,digital_wallet,yes,0
C003700,11,65.69,821.01,3,0.09,57.03,month-to-month,card,yes,0
C003701,17,21.25,407.4,3,0.47,69.8,one_year,card,no,0
C003702,18,61.69,987.86,2,0.12,71.16,month-to-month,card,yes,0
C003703,65,70.18,4531.61,1,11.04,24.07,two_year,bank_transfer,yes,0
C003704,68,74.22,4606.31,1,2.53,62.55,one_year,card,no,0
C003705,36,79.47,3259.17,2,0.9,69.57,month-to-month,bank_transfer,yes,0
C003706,12,76.11,931.36,2,3.67,59.38,two_year,bank_transfer,yes,0
C003707,54,63.39,3628.69,1,3.72,65.05,month-to-month,card,yes,0
C003708,35,77.15,3087.57,2,1.14,16.35,one_year,card,no,0
C003709,61,95.05,6099.02,1,2.89,35.2,one_year,card,no,0
C003710,26,67.61,1953.46,3,7.71,82.32,month-to-month,cash,yes,0
C003711,71,77.94,5103.02,6,4.28,49.41,month-to-month,card,yes,0
C003712,58,65.35,3482.37,2,8.39,99.46,month-to-month,bank_transfer,yes,0
C003713,16,53.83,846.1,0,4.01,29.43,month-to-month,bank_transfer,yes,0
C003714,52,83.07,4814.11,2,1.39,86.28,one_year,card,yes,0
C003715,21,56.12,1015.56,1,5.07,42.79,month-to-month,digital_wallet,yes,1
C003716,25,79.65,1956.32,2,9.16,72.25,month-to-month,digital_wallet,yes,0
C003717,18,70.71,1396.77,3,0.78,49.09,two_year,bank_transfer,yes,0
C003718,49,62.4,2761.81,4,2.14,57.31,month-to-month,card,yes,0
C003719,19,61.8,1214.9,2,5.06,66.91,two_year,card,yes,0
C003720,46,57.3,2295.63,0,5.4,42.73,one_year,card,no,0
C003721,42,28.85,1033.89,2,4.88,71.02,one_year,bank_transfer,no,0
C003722,54,79.57,4063.46,3,1.42,49.68,month-to-month,cash,yes,0
C003723,71,75.79,5874.4,1,25.03,58.56,two_year,bank_transfer,no,0
C003724,1,91.24,78.69,4,4.42,2.1,two_year,card,no,1
C003725,71,56.71,3863.34,3,15.28,48.25,one_year,card,yes,0
C003726,8,117.38,1003.49,3,4.07,80.27,one_year,card,yes,0
C003727,38,60.51,2208.98,0,0.21,68.89,month-to-month,card,yes,0
C003728,25,48.12,1195.41,3,7.34,72.73,month-to-month,card,no,0
C003729,46,45.16,2077.48,3,2.21,56.07,two_year,cash,yes,0
C003730,52,26.65,1555.52,2,10.75,88.53,month-to-month,bank_transfer,yes,0
C003731,62,108.32,7472.87,0,2.47,60.77,month-to-month,card,yes,0
C003732,29,104.28,2628.14,3,1.87,41.8,month-to-month,card,yes,0
C003733,67,85.02,6024.71,0,0.6,72.1,one_year,bank_transfer,yes,0
C003734,23,47.6,1108.84,0,2.15,73.45,one_year,card,no,0
C003735,15,115.28,1653.76,2,3.37,67.59,one_year,digital_wallet,yes,0
C003736,27,61.21,1648.9,2,1.2,46.94,month-to-month,bank_transfer,yes,0
C003737,38,63.27,2678.39,2,1.38,60.63,month-to-month,bank_transfer,no,0
C003738,48,105.93,5501.24,1,8.81,82.87,month-to-month,digital_wallet,yes,0
C003739,60,86.47,5294.32,2,8.23,64.55,two_year,card,yes,0
C003740,16,125.03,1805.76,3,0.73,25.44,month-to-month,card,yes,1
C003741,22,76.22,1736.49,0,0.42,42.42,two_year,bank_transfer,yes,0
C003742,67,60.07,4022.59,1,0.09,41.49,month-to-month,card,yes,1
C003743,32,54.7,1722.66,4,6.21,39.91,two_year,card,yes,0
C003744,18,23.83,485.95,4,2.54,12.77,one_year,cash,yes,0
C003745,70,63.04,5064.57,2,2.41,92.81,two_year,digital_wallet,yes,0
C003746,32,98.61,3582.98,3,3.99,37.47,one_year,card,yes,0
C003747,70,84.97,6374.21,1,8.81,38.92,one_year,digital_wallet,no,0
C003748,66,70.51,4791.53,2,0.9,16.17,one_year,card,no,0
C003749,65,45.13,2774.34,2,2.75,72.33,month-to-month,digital_wallet,yes,0
C003750,42,75.67,3604.59,1,0.32,53.18,two_year,bank_transfer,yes,0
C003751,57,95.32,5360.92,0,1.48,47.98,one_year,bank_transfer,yes,0
C003752,69,80.77,5074.15,1,3.52,49.04,month-to-month,digital_wallet,yes,0
C003753,20,74.17,1310.14,2,2.36,66.76,month-to-month,card,yes,0
C003754,3,50.08,165.36,4,1.06,45.4,month-to-month,cash,no,1
C003755,23,91.68,1999.93,2,1.0,15.22,two_year,card,yes,0
C003756,46,15.0,745.11,1,18.35,29.17,one_year,cash,yes,0
C003757,39,79.57,3221.87,2,0.17,28.13,month-to-month,card,yes,0
C003758,6,134.26,753.23,1,5.18,60.51,one_year,card,yes,0
C003759,40,32.29,1427.51,2,5.51,73.6,month-to-month,card,no,0
C003760,13,63.97,917.59,0,2.07,84.32,month-to-month,card,yes,1
C003761,36,69.8,2265.48,4,4.98,22.3,two_year,bank_transfer,yes,0
C003762,41,58.44,2123.98,2,9.79,67.41,month-to-month,bank_transfer,yes,0
C003763,46,95.91,4544.86,1,3.13,42.7,month-to-month,digital_wallet,no,0
C003764,30,81.81,2258.05,1,5.45,100.0,month-to-month,bank_transfer,yes,0
C003765,29,73.81,2032.66,1,4.53,82.67,month-to-month,bank_transfer,yes,0
C003766,49,89.93,4984.0,2,0.82,89.04,month-to-month,card,yes,0
C003767,54,70.42,3432.49,3,0.2,71.05,month-to-month,digital_wallet,no,0
C003768,58,149.5,8594.05,6,11.49,62.64,month-to-month,cash,yes,0
C003769,24,73.78,1661.85,2,0.78,46.95,two_year,card,yes,0
C003770,31,74.88,2215.44,0,5.54,43.01,month-to-month,card,yes,0
C003771,24,27.24,628.24,5,11.52,39.0,two_year,card,yes,0
C003772,38,56.41,1989.37,1,2.91,67.35,one_year,card,no,0
C003773,10,98.68,1064.85,2,6.26,86.21,month-to-month,bank_transfer,yes,1
C003774,31,36.61,1241.22,2,3.1,47.86,month-to-month,card,yes,0
C003775,14,16.06,227.52,3,5.47,40.55,month-to-month,digital_wallet,yes,0
C003776,38,70.81,3013.02,2,5.05,25.33,one_year,card,no,0
C003777,61,104.27,5667.07,5,3.58,59.89,one_year,card,no,0
C003778,70,71.06,4984.01,2,0.21,79.59,month-to-month,card,yes,0
C003779,32,61.6,2165.31,0,8.72,80.59,month-to-month,card,yes,0
C003780,4,23.54,97.57,1,0.44,82.57,month-to-month,digital_wallet,yes,0
C003781,17,81.31,1583.32,3,0.46,63.31,one_year,cash,yes,0
C003782,8,86.53,712.14,0,0.75,56.8,month-to-month,bank_transfer,no,0
C003783,54,25.46,1564.38,3,2.2,80.65,month-to-month,card,yes,0
C003784,70,98.36,6056.51,2,0.09,32.8,one_year,digital_wallet,yes,0
C003785,40,89.14,3076.44,1,0.16,46.18,one_year,digital_wallet,yes,0
C003786,13,98.31,1222.99,1,3.16,89.22,month-to-month,digital_wallet,yes,1
C003787,2,84.59,186.5,3,14.34,33.51,month-to-month,bank_transfer,yes,0
C003788,70,86.34,5228.94,1,16.2,54.31,month-to-month,bank_transfer,no,0
C003789,23,83.02,1767.52,2,2.59,67.63,two_year,card,yes,1
C003790,8,91.71,840.45,2,6.43,56.65,month-to-month,card,yes,0
C003791,13,24.53,332.39,2,5.12,77.99,month-to-month,cash,no,0
C003792,19,32.47,597.21,1,4.49,85.51,month-to-month,card,yes,0
C003793,47,51.6,2118.06,1,17.4,64.59,one_year,card,yes,0
C003794,64,66.75,4599.43,3,3.83,82.8,one_year,card,yes,0
C003795,20,79.7,1797.46,1,7.16,36.43,one_year,card,yes,0
C003796,49,78.12,4105.1,3,4.36,51.85,one_year,cash,yes,0
C003797,5,97.93,433.29,2,4.24,100.0,two_year,card,yes,1
C003798,1,98.71,99.66,2,7.62,93.86,two_year,bank_transfer,no,0
C003799,4,48.19,187.14,3,4.77,29.46,month-to-month,digital_wallet,no,1
C003800,66,75.96,5621.37,4,1.47,54.74,month-to-month,card,yes,0
C003801,42,48.8,2211.08,2,4.53,57.72,two_year,card,yes,0
C003802,58,65.29,4130.12,1,6.36,63.33,one_year,card,yes,0
C003803,2,78.04,152.05,1,19.55,80.48,two_year,card,yes,0
C003804,2,15.0,25.72,2,9.72,91.78,month-to-month,card,yes,0
C003805,61,130.28,8565.59,4,3.97,55.75,two_year,bank_transfer,yes,0
C003806,8,84.16,700.21,1,2.11,77.44,month-to-month,card,yes,0
C003807,12,55.11,590.16,2,0.22,67.96,one_year,bank_transfer,no,0
C003808,37,118.18,4709.67,1,3.67,54.58,month-to-month,cash,yes,0
C003809,44,61.31,2413.99,1,1.11,21.04,month-to-month,card,yes,0
C003810,17,73.31,1335.94,2,3.12,75.37,month-to-month,card,no,1
C003811,32,57.82,1968.88,2,6.87,67.1,month-to-month,card,no,0
C003812,48,111.3,4553.08,0,9.85,62.79,month-to-month,card,yes,0
C003813,32,67.38,2333.74,2,6.09,35.37,two_year,card,yes,0
C003814,28,73.74,2007.44,2,26.45,94.18,two_year,bank_transfer,no,0
C003815,6,100.09,601.75,1,6.28,58.05,two_year,card,yes,0
C003816,33,84.63,3182.07,3,4.61,32.17,two_year,card,yes,0
C003817,57,68.64,4405.36,3,1.12,28.95,two_year,card,yes,0
C003818,45,97.76,4244.34,3,7.26,68.55,two_year,digital_wallet,yes,1
C003819,64,133.46,9078.6,2,0.1,69.14,month-to-month,card,no,0
C003820,9,77.94,704.17,1,10.66,45.74,month-to-month,digital_wallet,no,0
C003821,1,72.92,79.97,2,17.92,64.25,two_year,bank_transfer,yes,0
C003822,39,74.27,2739.66,3,4.53,68.35,month-to-month,card,yes,0
C003823,13,102.76,1324.24,1,12.72,57.8,one_year,bank_transfer,no,0
C003824,43,55.02,2090.77,1,3.07,40.97,one_year,card,yes,0
C003825,65,63.04,4622.26,2,0.48,74.23,month-to-month,digital_wallet,yes,0
C003826,24,31.56,848.6,1,1.11,71.75,month-to-month,card,yes,0
C003827,40,40.4,1507.56,0,1.16,66.35,one_year,bank_transfer,yes,0
C003828,49,57.05,2865.29,2,7.38,38.33,month-to-month,bank_transfer,yes,0
C003829,11,68.6,727.08,0,3.76,28.38,month-to-month,bank_transfer,yes,0
C003830,64,114.23,6555.64,2,5.74,56.53,one_year,digital_wallet,no,0
C003831,15,83.4,1080.24,1,10.52,73.59,month-to-month,card,no,0
C003832,58,47.2,3002.61,4,0.63,75.81,month-to-month,bank_transfer,yes,0
C003833,47,51.8,2280.61,1,0.34,66.69,one_year,card,yes,0
C003834,11,104.37,1153.37,0,5.75,45.99,month-to-month,card,yes,0
C003835,52,98.17,5721.25,2,1.18,38.92,two_year,card,yes,0
C003836,14,70.7,847.28,4,6.92,54.66,month-to-month,bank_transfer,yes,1
C003837,43,58.94,2570.32,0,6.88,54.85,two_year,bank_transfer,yes,0
C003838,69,98.12,7695.69,2,8.57,77.15,two_year,digital_wallet,yes,0
C003839,68,45.17,3356.32,2,9.22,45.41,two_year,bank_transfer,no,0
C003840,62,79.8,4531.02,3,9.3,47.07,one_year,digital_wallet,no,0
C003841,36,126.82,4155.71,1,9.33,96.1,one_year,digital_wallet,yes,0
C003842,40,75.13,3242.02,2,10.96,86.02,month-to-month,card,yes,0
C003843,22,50.61,973.03,3,15.65,37.34,one_year,digital_wallet,yes,0
C003844,66,80.26,5455.01,1,2.18,84.38,month-to-month,card,yes,0
C003845,34,58.25,1822.51,2,15.02,32.56,month-to-month,card,yes,0
C003846,55,35.15,2129.84,1,5.51,46.32,month-to-month,cash,yes,0
C003847,26,87.53,2193.35,0,0.78,48.6,one_year,card,no,0
C003848,53,97.95,5058.71,2,1.82,53.45,month-to-month,cash,no,0
C003849,16,62.23,1083.58,2,1.82,67.4,one_year,digital_wallet,yes,0
C003850,53,60.57,2813.47,1,0.47,57.13,month-to-month,digital_wallet,yes,0
C003851,4,45.96,189.41,3,4.63,67.29,month-to-month,bank_transfer,yes,0
C003852,8,66.25,603.57,2,9.76,46.96,month-to-month,bank_transfer,yes,1
C003853,26,55.94,1520.08,0,0.69,62.48,two_year,bank_transfer,yes,0
C003854,35,44.72,1368.95,2,20.43,56.58,month-to-month,bank_transfer,yes,0
C003855,51,117.3,6715.73,6,5.18,27.23,two_year,digital_wallet,no,0
C003856,26,81.66,1886.87,2,4.1,64.66,month-to-month,card,yes,1
C003857,2,84.31,161.99,2,3.52,56.92,month-to-month,bank_transfer,no,0
C003858,24,92.08,1998.99,2,3.26,40.72,month-to-month,cash,yes,1
C003859,32,89.28,3046.97,4,1.05,46.5,month-to-month,card,yes,0
C003860,39,59.67,2163.07,1,6.48,46.99,month-to-month,digital_wallet,yes,0
C003861,46,76.81,3280.2,2,2.3,50.1,month-to-month,card,yes,0
C003862,18,63.27,1109.4,0,0.52,90.18,one_year,card,yes,0
C003863,44,80.96,3333.71,1,11.85,96.81,one_year,bank_transfer,yes,0
C003864,45,78.54,3836.12,2,0.87,0.48,month-to-month,bank_transfer,yes,0
C003865,56,60.43,3411.37,2,21.57,64.76,two_year,digital_wallet,yes,0
C003866,38,36.77,1420.61,0,3.73,74.1,one_year,card,yes,0
C003867,58,73.66,3838.38,1,1.24,50.68,month-to-month,card,no,0
C003868,16,64.89,1167.09,1,13.05,73.56,month-to-month,digital_wallet,yes,0
C003869,51,22.74,1107.2,1,5.21,88.08,month-to-month,bank_transfer,yes,0
C003870,4,82.69,318.6,2,0.29,27.56,two_year,bank_transfer,yes,0
C003871,8,94.13,694.87,3,2.47,57.68,month-to-month,card,yes,0
C003872,62,133.21,9399.15,2,5.37,94.13,month-to-month,cash,yes,0
C003873,34,60.22,2113.24,5,7.7,30.24,month-to-month,cash,yes,0
C003874,45,56.53,2208.88,3,10.5,52.7,month-to-month,bank_transfer,yes,0
C003875,43,42.26,1649.78,1,0.48,46.03,month-to-month,card,no,0
C003876,50,75.22,3738.74,2,3.96,76.04,one_year,cash,yes,0
C003877,18,75.06,1224.53,0,14.83,78.82,two_year,digital_wallet,yes,0
C003878,13,49.72,666.69,4,3.34,58.25,month-to-month,bank_transfer,yes,0
C003879,4,65.63,247.38,5,1.09,55.64,month-to-month,bank_transfer,yes,0
C003880,62,20.53,1215.63,0,13.61,20.62,month-to-month,bank_transfer,no,0
C003881,16,93.16,1618.73,3,6.75,83.46,month-to-month,card,yes,1
C003882,41,50.73,2095.26,6,8.67,47.94,one_year,digital_wallet,yes,0
C003883,33,69.13,2016.56,3,5.79,52.15,two_year,digital_wallet,no,0
C003884,12,34.33,396.16,2,1.97,74.43,one_year,bank_transfer,yes,0
C003885,30,55.44,1861.0,2,5.31,58.95,month-to-month,digital_wallet,yes,0
C003886,6,63.01,417.32,4,1.09,75.08,two_year,bank_transfer,yes,0
C003887,13,69.72,976.98,1,4.04,67.07,two_year,digital_wallet,no,0
C003888,10,81.99,904.43,1,4.82,59.08,month-to-month,card,yes,0
C003889,59,105.98,5486.39,2,0.79,61.21,two_year,cash,yes,0
C003890,41,88.32,3210.59,3,0.65,32.54,one_year,card,yes,0
C003891,66,94.05,5311.14,1,1.52,52.02,one_year,card,yes,0
C003892,31,106.15,2920.55,5,1.35,76.68,month-to-month,bank_transfer,yes,0
C003893,15,84.24,1386.29,2,6.53,37.03,month-to-month,card,no,0
C003894,44,69.08,2618.27,2,4.84,40.69,one_year,card,yes,0
C003895,66,95.23,6219.38,3,1.31,37.41,month-to-month,digital_wallet,no,0
C003896,38,96.83,3400.22,0,1.97,58.07,two_year,card,yes,0
C003897,2,86.21,189.63,3,3.37,83.05,month-to-month,digital_wallet,yes,0
C003898,22,33.63,807.19,1,0.2,65.94,month-to-month,card,yes,1
C003899,66,48.96,3489.47,2,7.5,11.46,one_year,card,yes,0
C003900,37,63.13,2250.45,4,1.24,67.97,one_year,card,yes,0
C003901,68,89.49,6862.32,2,1.03,46.16,month-to-month,bank_transfer,yes,0
C003902,37,69.47,2875.49,1,3.72,65.19,one_year,bank_transfer,yes,0
C003903,1,98.42,102.87,1,2.95,52.01,one_year,card,no,0
C003904,62,102.88,6594.07,3,4.85,37.79,one_year,card,yes,0
C003905,55,99.98,5229.88,1,15.09,53.57,month-to-month,card,yes,0
C003906,51,100.14,5468.47,2,2.23,46.17,one_year,bank_transfer,yes,0
C003907,69,44.08,3441.24,1,11.87,61.15,month-to-month,bank_transfer,yes,0
C003908,14,82.07,1085.58,1,0.66,37.28,one_year,card,yes,0
C003909,65,54.81,3333.96,3,19.05,32.5,one_year,card,yes,0
C003910,17,28.77,454.45,0,0.25,69.64,month-to-month,digital_wallet,yes,0
C003911,69,62.81,4962.33,4,0.73,77.18,month-to-month,card,yes,0
C003912,14,103.12,1461.12,2,3.8,66.6,month-to-month,cash,yes,0
C003913,40,81.52,3718.13,3,4.93,42.02,month-to-month,card,yes,1
C003914,57,120.45,7107.13,4,4.22,40.2,one_year,cash,no,0
C003915,6,74.43,418.91,2,8.47,41.35,one_year,bank_transfer,yes,1
C003916,5,131.2,672.98,2,19.45,72.81,two_year,bank_transfer,yes,0
C003917,61,74.44,4071.36,4,0.27,38.5,one_year,card,yes,0
C003918,5,70.56,347.32,2,0.5,72.68,one_year,cash,yes,0
C003919,44,38.02,1644.01,1,0.02,67.74,one_year,card,yes,0
C003920,67,97.76,6700.6,1,0.95,79.75,month-to-month,digital_wallet,yes,0
C003921,44,57.45,2442.16,2,1.2,76.26,one_year,card,yes,0
C003922,35,53.82,1858.48,3,9.86,65.85,month-to-month,bank_transfer,yes,0
C003923,30,102.03,3406.34,3,0.17,25.63,month-to-month,digital_wallet,yes,0
C003924,46,98.96,4115.5,2,2.37,67.2,two_year,bank_transfer,yes,0
C003925,41,98.3,4541.38,0,1.9,57.31,one_year,bank_transfer,yes,0
C003926,36,60.95,2219.4,3,3.61,47.53,month-to-month,digital_wallet,yes,0
C003927,11,68.73,785.21,2,0.63,82.24,month-to-month,bank_transfer,yes,0
C003928,48,68.5,2897.8,2,3.61,51.97,two_year,card,yes,0
C003929,53,89.56,4241.67,3,1.91,44.41,month-to-month,card,yes,0
C003930,51,108.84,5938.08,3,6.56,77.48,two_year,digital_wallet,no,0
C003931,6,79.2,532.34,1,5.77,46.9,two_year,card,yes,0
C003932,50,119.37,6002.38,4,18.1,43.41,one_year,bank_transfer,yes,0
C003933,52,92.43,4326.96,0,2.21,32.46,month-to-month,card,yes,0
C003934,14,64.13,977.79,0,8.03,38.6,month-to-month,cash,yes,0
C003935,61,90.72,6226.94,0,0.12,40.31,month-to-month,bank_transfer,yes,0
C003936,38,112.65,4499.18,2,0.74,67.42,month-to-month,bank_transfer,yes,0
C003937,34,119.96,3690.51,2,0.58,34.62,one_year,digital_wallet,yes,0
C003938,52,99.67,5046.86,0,23.66,17.84,two_year,digital_wallet,yes,0
C003939,37,70.64,2958.64,3,0.27,61.06,month-to-month,card,yes,0
C003940,39,64.58,2285.68,2,1.16,42.32,month-to-month,card,yes,0
C003941,23,84.4,1749.5,2,3.76,54.67,month-to-month,bank_transfer,no,0
C003942,66,111.85,7828.95,3,3.01,80.65,month-to-month,card,yes,0
C003943,69,80.84,5650.39,3,0.92,56.43,month-to-month,card,yes,0
C003944,10,81.36,741.56,3,18.93,85.19,two_year,card,no,0
C003945,53,71.28,3910.17,6,0.36,53.64,month-to-month,card,yes,0
C003946,2,61.8,139.8,3,2.49,75.14,month-to-month,card,yes,0
C003947,27,65.95,1970.29,2,6.05,44.05,one_year,card,yes,0
C003948,69,73.39,4313.99,3,1.59,57.15,month-to-month,card,no,0
C003949,13,112.95,1634.36,4,5.26,36.34,two_year,bank_transfer,yes,0
C003950,27,64.01,1793.99,2,0.72,38.72,two_year,card,yes,0
C003951,16,71.32,1061.33,0,1.55,50.51,month-to-month,card,yes,0
C003952,52,48.37,2208.24,2,0.15,28.43,one_year,digital_wallet,yes,0
C003953,33,87.92,3311.34,0,2.11,58.19,one_year,bank_transfer,yes,0
C003954,43,104.17,3846.32,3,0.01,48.94,month-to-month,digital_wallet,yes,0
C003955,67,110.61,6709.84,0,8.45,59.69,month-to-month,cash,yes,0
C003956,37,75.08,2920.84,0,1.16,28.74,two_year,bank_transfer,yes,0
C003957,53,84.36,4817.01,2,0.37,69.03,month-to-month,digital_wallet,yes,0
C003958,7,66.16,430.71,2,1.04,88.95,month-to-month,card,yes,0
C003959,16,83.2,1425.88,3,5.21,84.73,month-to-month,digital_wallet,yes,0
C003960,68,77.85,5714.87,2,2.41,93.08,month-to-month,bank_transfer,yes,0
C003961,62,71.46,4832.66,6,14.95,55.85,two_year,digital_wallet,yes,0
C003962,47,73.44,3714.81,5,0.71,47.95,one_year,card,yes,0
C003963,27,81.3,1887.3,0,4.39,64.75,one_year,cash,yes,1
C003964,15,62.65,1050.29,2,1.32,50.24,month-to-month,bank_transfer,yes,0
C003965,61,63.94,3973.65,6,11.05,20.19,two_year,digital_wallet,yes,0
C003966,56,112.68,6179.77,5,4.26,71.39,month-to-month,cash,yes,0
C003967,18,137.76,2125.96,0,13.15,50.31,month-to-month,digital_wallet,no,0
C003968,42,39.89,1721.05,3,0.13,25.65,month-to-month,card,no,0
C003969,44,38.51,1523.14,2,1.56,44.83,month-to-month,bank_transfer,no,0
C003970,34,46.07,1588.82,1,4.44,50.77,one_year,bank_transfer,yes,0
C003971,66,67.42,4034.72,3,22.43,55.24,month-to-month,bank_transfer,yes,0
C003972,9,92.39,878.43,1,1.58,55.48,month-to-month,bank_transfer,yes,0
C003973,19,84.78,1412.15,5,14.26,82.38,month-to-month,digital_wallet,yes,1
C003974,7,74.3,535.77,0,3.24,29.23,one_year,cash,yes,0
C003975,50,83.22,4340.68,0,3.79,51.96,month-to-month,card,yes,0
C003976,46,52.7,2347.92,3,8.11,37.42,two_year,card,yes,0
C003977,71,63.9,5104.43,0,2.94,80.12,month-to-month,digital_wallet,yes,0
C003978,39,69.5,2732.0,4,2.76,43.77,month-to-month,bank_transfer,no,0
C003979,11,30.39,359.47,3,2.31,48.12,month-to-month,cash,yes,0
C003980,33,40.97,1329.42,3,2.79,75.99,month-to-month,digital_wallet,yes,0
C003981,7,41.96,319.43,2,6.35,81.5,month-to-month,card,yes,0
C003982,48,89.1,4786.83,3,0.53,84.45,month-to-month,bank_transfer,yes,0
C003983,48,76.13,3559.03,0,0.54,22.14,month-to-month,digital_wallet,no,0
C003984,61,85.28,5931.21,4,1.74,64.66,month-to-month,card,yes,0
C003985,25,24.01,537.76,3,5.36,60.4,month-to-month,card,yes,0
C003986,23,32.91,835.56,0,1.03,53.98,one_year,bank_transfer,yes,0
C003987,6,86.58,523.51,0,10.38,56.33,month-to-month,card,yes,1
C003988,30,15.0,401.19,4,0.55,80.72,two_year,cash,yes,0
C003989,34,100.62,3549.56,1,9.48,75.77,month-to-month,card,no,0
C003990,54,24.42,1172.69,0,4.7,72.94,month-to-month,card,yes,0
C003991,54,91.08,5490.27,1,5.83,59.14,month-to-month,cash,no,0
C003992,10,47.79,523.15,4,6.96,100.0,one_year,card,yes,0
C003993,21,96.22,2114.22,4,2.06,46.99,month-to-month,card,yes,1
C003994,37,150.2,5112.36,2,2.25,22.68,two_year,card,yes,0
C003995,24,15.0,409.98,3,5.78,49.7,one_year,cash,yes,0
C003996,2,87.38,193.29,3,8.92,56.15,one_year,cash,yes,0
C003997,61,24.8,1610.21,3,0.75,81.06,month-to-month,card,yes,0
C003998,52,80.67,4025.37,3,0.94,44.78,month-to-month,digital_wallet,no,0
C003999,37,64.83,2387.34,2,1.25,64.82,month-to-month,digital_wallet,yes,0
